CASRN,DTXSID,preferred_name,MammaryTumorEvidence,MammaryTumorRefs,Genotoxicity,HormoneSummary,INCHIKEY,SMILES
100-42-5,DTXSID2021284,Styrene,MC,"IARC, ROC15_equivocal, CCRIS, LCDB, Rudel2007",positive,-,PPBRXRYQALVLMV-UHFFFAOYSA-N,C=CC1=CC=CC=C1
101-14-4,DTXSID5020865,"4,4'-Methylenebis(2-chloroaniline)",MC,"IARC, ROC15, CCRIS, LCDB, Rudel2007",positive,-,IBOFVQJTBBUKMU-UHFFFAOYSA-N,C1=CC(=C(C=C1CC2=CC(=C(C=C2)N)Cl)Cl)N
1010-61-3,-,4-Hydroxyaminoquinoline 1-oxide hydrochloride,MC,"CCRIS, Rudel2007",-,-,QSXDAZCGWHRQME-VRTOBVRTSA-N,C1=CC=C2C(=C1)/C(=N/O)/C=CN2O.Cl
101200-48-0,DTXSID8024101,Tribenuron-methyl,MC,ToxRefDB,-,-,VLCQZHSMCYCDJL-UHFFFAOYSA-N,CC1=NC(=NC(=N1)OC)N(C)C(=O)NS(=O)(=O)C2=CC=CC=C2C(=O)OC
105650-23-5,DTXSID3037628,"2-Amino-1-methyl-6-phenylimidazo [4,5-b]pyridine",MC,"IARC, ROC15, CCRIS, LCDB, Rudel2007",positive,-,UQVKZNNCIHJZLS-UHFFFAOYSA-N,CN1C2=C(N=CC(=C2)C3=CC=CC=C3)N=C1N
10589-74-9,DTXSID4020084,1-Amyl-1-nitrosourea,MC,"LCDB, Rudel2007",positive,-,YYTNAQDGJQPZFU-UHFFFAOYSA-N,CCCCCN(C(=O)N)N=O
106-50-3,DTXSID9021138,"1,4-Benzenediamine",MC,IARC,positive,"E2, P4",CBCKQZAAMUWICA-UHFFFAOYSA-N,C1=CC(=CC=C1N)N
106-91-2,DTXSID0025361,Glycidyl methacrylate,MC,IARC,positive,-,VOZRXNHHFUQHIL-UHFFFAOYSA-N,CC(=C)C(=O)OCC1CO1
106-93-4,DTXSID3020415,"1,2-Dibromoethane",MC,"IARC, ROC15, NTP, CCRIS, LCDB, Rudel2007",positive,-,PAAZPARNPHGIKF-UHFFFAOYSA-N,C(CBr)Br
106-99-0,DTXSID3020203,"1,3-Butadiene",MC,"IARC, ROC15, NTP, CCRIS, LCDB, Rudel2007",positive,-,KAKZBPTYRLMSJV-UHFFFAOYSA-N,C=CC=C
107-06-2,DTXSID6020438,"1,2-Dichloroethane",MC,"IARC, ROC15, NTP, ToxRefDB, CCRIS, LCDB, Rudel2007",positive,-,WSLDOOZREJYCGB-UHFFFAOYSA-N,C(CCl)Cl
107-13-1,DTXSID5020029,Acrylonitrile,MC,"IARC, ROC15, CCRIS, LCDB, Rudel2007",positive,-,NLHHRLWOUZZQLW-UHFFFAOYSA-N,C=CC#N
110559-84-7,DTXSID4020610,1-Ethylnitroso-3-(2-oxopropyl)urea,MC,"CCRIS, LCDB, Rudel2007",-,-,FMKBEVQUKYPUEJ-UHFFFAOYSA-N,CCN(C(=O)NCC(=O)C)N=O
11097-69-1,DTXSID5020100,Aroclor 1254,MC,IARC,positive,-,AUGNBQPSMWGAJE-UHFFFAOYSA-N,C1=CC(=C(C(=C1)Cl)Cl)C2=C(C(=C(C=C2)Cl)Cl)Cl
1120-71-4,DTXSID8021195,"1,3-Propane sultone",MC,"IARC, ROC15, CCRIS, LCDB, Rudel2007",positive,negative,FSSPGSAQUIYDCN-UHFFFAOYSA-N,C1COS(=O)(=O)C1
113-38-2,DTXSID8023000,Estradiol dipropionate,MC,"CCRIS, Rudel2007",-,-,JQIYNMYZKRGDFK-RUFWAXPRSA-N,CCC(=O)O[C@H]1CC[C@@H]2[C@@]1(CC[C@H]3[C@H]2CCC4=C3C=CC(=C4)OC(=O)CC)C
118745-11-2,DTXSID701030249,"N-Formyl-N-hydroxy-4-aminostilbene, (E)-",MC,"CCRIS, Rudel2007",positive,-,ZRCLQGADDKPGRP-VOTSOKGWSA-N,C1=CC=C(C=C1)/C=C/C2=CC=C(C=C2)N(C=O)O
118745-12-3,DTXSID701030251,N-Hydroxy-N-propionyl-trans-4-aminostilbene,MC,"CCRIS, Rudel2007",positive,-,FYHCYBZRXZCUPO-CMDGGOBGSA-N,CCC(=O)N(C1=CC=C(C=C1)/C=C/C2=CC=CC=C2)O
119-90-4,DTXSID3025091,C.I. Disperse Black 6,MC,"IARC, ROC15, Rudel2007",positive,"E2, P4",JRBJSXQPQWSCCF-UHFFFAOYSA-N,COC1=C(C=CC(=C1)C2=CC(=C(C=C2)N)OC)N
119-93-7,DTXSID5024059,"3,3'-Dimethylbenzidine",MC,"IARC, ROC15, Rudel2007",positive,"E2, P4",NUIURNJTPRWVAP-UHFFFAOYSA-N,CC1=C(C=CC(=C1)C2=CC(=C(C=C2)N)C)N
121-14-2,DTXSID0020529,"2,4-Dinitrotoluene",MC,"IARC, NTP, ToxRefDB, CCRIS, LCDB, Rudel2007",positive,negative,RMBFBMJGBANMMK-UHFFFAOYSA-N,CC1=C(C=C(C=C1)[N+](=O)[O-])[N+](=O)[O-]
121-66-4,DTXSID6020066,2-Amino-5-nitrothiazole,MC,"IARC, LCDB, Rudel2007",positive,-,MIHADVKEHAFNPG-UHFFFAOYSA-N,C1=C(SC(=N1)N)[N+](=O)[O-]
121-75-5,DTXSID4020791,Malathion,MC,"IARC, EPA_OPP_dismissed",positive,"E2, P4",JXSJBGJIGXNWCI-UHFFFAOYSA-N,CCOC(=O)CC(C(=O)OCC)SP(=S)(OC)OC
122-34-9,DTXSID4021268,Simazine,MC,"EPA_OPP_dismissed, ToxRefDB, Rudel2007",positive,"E2, P4",ODCWYMIRDDJXKW-UHFFFAOYSA-N,CCNC1=NC(=NC(=N1)Cl)NCC
122-66-7,DTXSID7020710,"1,2-Diphenylhydrazine",MC,"IARC, ROC15, NTP, ToxRefDB, LCDB, Rudel2007",positive,*E2,YBQZXXMEJHZYMB-UHFFFAOYSA-N,C1=CC=C(C=C1)NNC2=CC=CC=C2
123-91-1,DTXSID4020533,"1,4-Dioxane",MC,"IARC, ROC15, EPA_IRIS, CCRIS, LCDB, Rudel2007",positive,-,RYHBNJHYFVUHQT-UHFFFAOYSA-N,C1COCCO1
126-07-8,DTXSID8020674,Griseofulvin,MC,"LCDB, Rudel2007",positive,negative,DDUHZTYCFQRHIY-RBHXEPJQSA-N,C[C@@H]1CC(=O)C=C([C@]12C(=O)C3=C(O2)C(=C(C=C3OC)OC)Cl)OC
126-99-8,DTXSID5020316,Chloroprene,MC,"IARC, ROC15, NTP, EPA_IRIS, CCRIS, LCDB, Rudel2007",positive,-,YACLQRRMGMJLJV-UHFFFAOYSA-N,C=CC(=C)Cl
127-18-4,DTXSID2021319,Tetrachloroethylene,MC,IARC,positive,-,CYTYCFOTNPOANT-UHFFFAOYSA-N,C(=C(Cl)Cl)(Cl)Cl
12789-03-6,DTXSID5023954,Technical chlordane,MC,"CCRIS, Rudel2007",positive,-,BIWJNBZANLAXMG-UHFFFAOYSA-N,C1C2C(C(C1Cl)Cl)C3(C(=C(C2(C3(Cl)Cl)Cl)Cl)Cl)Cl
129-73-7,DTXSID7031531,Leucomalachite green,MC,"IARC, NTP_dismissed, Rudel2007",positive,-,WZKXBGJNNCGHIC-UHFFFAOYSA-N,CN(C)C1=CC=C(C=C1)C(C2=CC=CC=C2)C3=CC=C(C=C3)N(C)C
132832-26-9,DTXSID30157814,"anti-Benzo(a)chrysene-11,12-diol-13,14-epoxide",MC,"CCRIS, Rudel2007",positive,-,XIXGYVQCBZVGAV-UHFFFAOYSA-N,C1=CC=C2C(=C1)C=CC3=C4C=CC5=C(C4=C6C(=C32)O6)C(=C(C=C5)O)O
133-07-3,DTXSID0021385,Folpet,MC,EPA_OPP_dismissed,positive,negative,HKIOYBQGHSTUDB-UHFFFAOYSA-N,C1=CC=C2C(=C1)C(=O)N(C2=O)SC(Cl)(Cl)Cl
13345-61-4,DTXSID80158119,"Benz(a)anthracene-7-carboxaldehyde, 12-methyl-",MC,CCRIS,-,-,YSPPOTFPQWTIAE-UHFFFAOYSA-N,CC1=C2C(=C(C3=CC=CC=C13)C=O)C=CC4=CC=CC=C42
13394-86-0,DTXSID50158429,"2',3-Dimethyl[biphenyl]-4-amine",MC,"CCRIS, Rudel2007",positive,-,HSQVHYANHDSFFI-UHFFFAOYSA-N,CC1=CC=CC=C1C2=CC(=C(C=C2)N)C
13743-07-2,DTXSID1020726,1-(2-Hydroxyethyl)-1-nitrosourea,MC,"LCDB, Rudel2007",positive,-,IVEXWRHLJIZLHF-UHFFFAOYSA-N,C(CO)N(C(=O)N)N=O
138857-19-9,-,"Anti-4,5-dihydroxy-6,6a-epoxy-4,5,6,6a-tetrahydrobenzo[j]fluoranthene",MC,"CCRIS, Rudel2007",-,-,,
138857-21-3,DTXSID301030835,"(1aR,2R,3S,11dS)-1a,2,3,11d-Tetrahydroacenaphtho[1',2':7,8]naphtho[1,2-b]oxirene-2,3-diol",MC,"CCRIS, Rudel2007",-,-,ZJBMWUSXWCQSJP-ZGXWSNOMSA-N,C1=CC2=C3C(=C1)C4=C(C3=CC=C2)C5=C(C=C4)[C@@H]([C@H]([C@@H]6[C@H]5O6)O)O
139-40-2,DTXSID3021196,"2,4-Bis(isopropylamino)-6-chloro-1,3,5-triazine",MC,"EPA_OPP_dismissed, ToxRefDB",negative,*E2,WJNRPILHGGKWCK-UHFFFAOYSA-N,CC(C)NC1=NC(=NC(=N1)Cl)NC(C)C
139-94-6,DTXSID1020936,Nithiazide,MC,"IARC, NTP, CCRIS, LCDB, Rudel2007",positive,-,FQSUTLQHSDLLAN-UHFFFAOYSA-N,CCNC(=O)NC1=NC=C(S1)[N+](=O)[O-]
1420-04-8,DTXSID3020338,Clonitralid,MC,"NTP_equivocal, EPA_OPP_equivocal, CCRIS_equivocal, Rudel2007",-,-,XYCDHXSQODHSLG-UHFFFAOYSA-N,C1=CC(=C(C=C1[N+](=O)[O-])Cl)NC(=O)C2=C(C=CC(=C2)Cl)O.C(CO)N
142713-78-8,DTXSID7020506,"Dimethylaminoethylnitrosoethylurea, nitrite salt",MC,"LCDB, Rudel2007",positive,-,AYVSFVWEOOHHAW-UHFFFAOYSA-N,CC[NH2+]C(=O)N(CCN(C)C)N=O.N(=O)[O-]
148-82-3,DTXSID6020804,Melphalan,MC,IARC,positive,-,SGDBTWWWUNNDEQ-LBPRGKRZSA-N,C1=CC(=CC=C1C[C@@H](C(=O)O)N)N(CCCl)CCCl
149-17-7,DTXSID3020758,Isonicotinic acid vanillylidenehydrazide,MC,"LCDB, Rudel2007",-,-,PSWOBQSIXLVPDV-UHFFFAOYSA-N,COC1=C(C=CC(=C1)C=NNC(=O)C2=CC=NC=C2)O
14962-28-8,DTXSID7074539,"4-Hydroxy-2',4',6'-trichlorobiphenyl",MC,CCRIS,-,-,LTQJFLVGNGVJCX-UHFFFAOYSA-N,C1=CC(=CC=C1C2=C(C=C(C=C2Cl)Cl)Cl)O
153-78-6,DTXSID1049223,2-Aminofluorene,MC,"CCRIS, Rudel2007",positive,-,CFRFHWQYWJMEJN-UHFFFAOYSA-N,C1C2=CC=CC=C2C3=C1C=C(C=C3)N
153926-04-6,-,"Anti-dibenzo[a,l]pyrene-11,12-dihydrodiol-13,14-epoxide",MC,"CCRIS, Rudel2007",positive,-,CJAMAUFDXDSQLU-QPXUXIHVSA-N,C1=CC=C2C(=C1)C3=CC=CC4=C3C5=C2C6=C(C=C5C=C4)[C@H]([C@@H]([C@H]7[C@@H]6O7)O)O
15972-60-8,DTXSID1022265,Alachlor,MC,EPA_OPP_dismissed,positive,negative,XCSGPAVHZFQHGE-UHFFFAOYSA-N,CCC1=C(C(=CC=C1)CC)N(COC)C(=O)CCl
16170-75-5,DTXSID40273998,Sodium beta-4-methoxybenzoyl-beta-bromoacrylate,MC,LCDB,-,-,DVDCIQWIGOVWEX-UHFFFAOYSA-M,COC1=CC=C(C=C1)C(=O)C(=CC(=O)[O-])Br.[Na+]
16301-26-1,DTXSID4020585,"Z-Ethyl-O,N,N-azoxyethane",MC,"CCRIS, Rudel2007",negative,-,SZOHWYCBDJPVGO-UHFFFAOYSA-N,CCN=[N+](CC)[O-]
1694-09-3,DTXSID7021441,Benzyl Violet 4B,MC,"IARC, ToxValDB, CCRIS, LCDB, Rudel2007",positive,-,AXMCIYLNKNGNOT-UHFFFAOYSA-M,CCN(CC1=CC(=CC=C1)S(=O)(=O)[O-])C2=CC=C(C=C2)C(=C3C=CC(=[N+](C)C)C=C3)C4=CC=C(C=C4)N(CC)CC5=CC(=CC=C5)S(=O)(=O)[O-].[Na+]
179101-81-6,DTXSID8034875,Pyridalyl,MC,ToxRefDB,-,-,AEHJMNVBLRLZKK-UHFFFAOYSA-N,C1=CC(=NC=C1C(F)(F)F)OCCCOC2=C(C=C(C=C2Cl)OCC=C(Cl)Cl)Cl
18774-85-1,DTXSID6020698,N-Hexylnitrosourea,MC,"CCRIS, LCDB, Rudel2007",positive,-,JQPBCNVLZQUNCT-UHFFFAOYSA-N,CCCCCCN(C(=O)N)N=O
189-55-9,DTXSID9059751,"Dibenzo[a,i]pyrene",MC,"IARC, ROC15",positive,-,TUGYIJVAYAHHHM-UHFFFAOYSA-N,C1=CC=C2C3=C4C(=CC2=C1)C=CC5=CC6=CC=CC=C6C(=C54)C=C3
189-64-0,DTXSID4059752,"Dibenzo[a,h]pyrene",MC,"IARC, ROC15",positive,-,RXUSYFJGDZFVND-UHFFFAOYSA-N,C1=CC=C2C3=C4C(=CC2=C1)C=CC5=C4C(=CC6=CC=CC=C56)C=C3
19044-88-3,DTXSID8024238,Oryzalin,MC,"EPA_OPP, ToxRefDB",-,negative,UNAHYJYOSSSJHH-UHFFFAOYSA-N,CCCN(CCC)C1=C(C=C(C=C1[N+](=O)[O-])S(=O)(=O)N)[N+](=O)[O-]
191-30-0,DTXSID9059753,"Dibenzo[a,l]pyrene",MC,"IARC, ROC15, CCRIS, Rudel2007",positive,-,JNTHRSHGARDABO-UHFFFAOYSA-N,C1=CC=C2C(=C1)C=C3C=CC4=C5C3=C2C6=CC=CC=C6C5=CC=C4
1912-24-9,DTXSID9020112,Atrazine,MC,"IARC, EPA_OPP_dismissed, ToxRefDB, CCRIS, LCDB, Rudel2007",positive,"E2, P4",MXWJVTOOROXGIU-UHFFFAOYSA-N,CCNC1=NC(=NC(=N1)Cl)NC(C)C
1937-37-7,DTXSID7020184,C.I. Direct Black 38,MC,"IARC, ROC15, CCRIS, LCDB, Rudel2007",positive,-,XRPLBRIHZGVJIC-UHFFFAOYSA-L,C1=CC=C(C=C1)N=NC2=C(C3=C(C(=C(C=C3C=C2S(=O)(=O)[O-])S(=O)(=O)[O-])N=NC4=CC=C(C=C4)C5=CC=C(C=C5)N=NC6=C(C=C(C=C6)N)N)N)O.[Na+].[Na+]
20325-40-0,DTXSID1020485,C.I. Disperse Black 6 dihydrochloride,MC,"IARC, ROC15, NTP, ToxRefDB, CCRIS, LCDB",positive,"E2, P4",UXTIAFYTYOEQHV-UHFFFAOYSA-N,COC1=C(C=CC(=C1)C2=CC(=C(C=C2)N)OC)N.Cl.Cl
20830-81-3,DTXSID7022883,Daunorubicin,MC,"IARC, CCRIS, Rudel2007",positive,-,STQGQHZAVUOBTE-VGBVRHCVSA-N,C[C@H]1[C@H]([C@H](C[C@@H](O1)O[C@H]2C[C@@](CC3=C2C(=C4C(=C3O)C(=O)C5=C(C4=O)C(=CC=C5)OC)O)(C(=O)C)O)N)O
2113-61-3,DTXSID0020072,4-Biphenylamine hydrochloride,MC,LCDB,positive,-,GUHXYHYUBFCYGJ-UHFFFAOYSA-N,C1=CC=C(C=C1)C2=CC=C(C=C2)N.Cl
21638-36-8,DTXSID2020848,4-Methyl-1-[(5-nitrofurfurylidene)amino]-2-imidazolidinone,MC,"LCDB, Rudel2007",positive,-,BJUPUKIYTMVLCW-ONNFQVAWSA-N,CC1CN(C(=O)N1)/N=C/C2=CC=C(O2)[N+](=O)[O-]
21725-46-2,DTXSID1023990,Cyanazine,MC,"EPA_OPP, LCDB",positive,negative,MZZBPDKVEFVLFF-UHFFFAOYSA-N,CCNC1=NC(=NC(=N1)Cl)NC(C)(C)C#N
21739-91-3,DTXSID5020368,Cytembena,MC,"NTP, CCRIS, Rudel2007",positive,"E2, P4",DVDCIQWIGOVWEX-MLBSPLJJSA-M,COC1=CC=C(C=C1)C(=O)/C(=C\C(=O)[O-])/Br.[Na+]
21928-82-5,DTXSID3020883,(N-6)-(Methylnitroso)adenosine,MC,"LCDB, Rudel2007",-,-,AGGQXACVVHIHNR-IOSLPCCCSA-N,CN(C1=NC=NC2=C1N=CN2[C@H]3[C@@H]([C@@H]([C@H](O3)CO)O)O)N=O
22398-80-7,DTXSID3031444,Indium phosphide,MC,"IARC, NTP_equivocal, Rudel2007",negative,-,GPXJNWSHGFTCBW-UHFFFAOYSA-N,P#[In]
23214-92-8,DTXSID8021480,Doxorubicin,MC,"IARC, ROC15, CCRIS, Rudel2007",positive,-,AOJJSUZBOXZQNB-TZSSRYMLSA-N,C[C@H]1[C@H]([C@H](C[C@@H](O1)O[C@H]2C[C@@](CC3=C2C(=C4C(=C3O)C(=O)C5=C(C4=O)C(=CC=C5)OC)O)(C(=O)CO)O)N)O
2393-53-5,DTXSID00946752,"17-Oxoestra-1(10),2,4-trien-3-yl benzoate",MC,"IARC, Rudel2007",-,-,HKUKRSLIEVXDMS-APDHKMKFSA-N,C[C@]12CC[C@H]3[C@H]([C@@H]1CCC2=O)CCC4=C3C=CC(=C4)OC(=O)C5=CC=CC=C5
2425-06-1,DTXSID4020242,Captafol,MC,"ROC15, EPA_OPP, LCDB, Rudel2007",positive,*P4,JHRWWRDRBPCWTF-UHFFFAOYSA-N,C1C=CCC2C1C(=O)N(C2=O)SC(C(Cl)Cl)(Cl)Cl
2432-99-7,DTXSID5020077,11-Aminoundecanoic acid,MC,ToxRefDB,negative,-,GUOSQNAUYHMCRU-UHFFFAOYSA-N,C(CCCCCN)CCCCC(=O)O
24554-26-5,DTXSID4020953,N-(4-(5-Nitro-2-furyl)-2-thiazolyl)formamide,MC,"CCRIS, Rudel2007",positive,-,ZQBWQLJJMGJREB-UHFFFAOYSA-N,C1=C(OC(=C1)[N+](=O)[O-])C2=CSC(=N2)NC=O
25321-14-6,DTXSID5027859,Dinitrotoluene,MC,ToxValDB,positive,-,DYSXLQBUUOPLBB-UHFFFAOYSA-N,CC1=C(C(=CC=C1)[N+](=O)[O-])[N+](=O)[O-]
2593-15-9,DTXSID3032547,Etridiazole,MC,EPA_OPP,-,"*E2, *P4",KQTVWCSONPJJPE-UHFFFAOYSA-N,CCOC1=NC(=NS1)C(Cl)(Cl)Cl
26049-68-3,DTXSID8020705,2-Hydrazino-4-(5-nitro-2-furyl)thiazole,MC,"CCRIS, LCDB, Rudel2007",-,-,KNRMJISYMHRPTH-UHFFFAOYSA-N,C1=C(OC(=C1)[N+](=O)[O-])C2=CSC(=N2)NN
26049-69-4,DTXSID1020518,"2-(2,2-Dimethylhydrazino)-4-(5-nitro-2-furyl)thiazole",MC,"LCDB, Rudel2007",positive,-,QXSIYYQGSPCIHN-UHFFFAOYSA-N,CN(C)NC1=NC(=CS1)C2=CC=C(O2)[N+](=O)[O-]
26049-70-7,DTXSID3020706,2-Hydrazino-4-(4-nitrophenyl)thiazole,MC,"LCDB, Rudel2007",positive,-,ZOJPXCPZDSRIKP-UHFFFAOYSA-N,C1=CC(=CC=C1C2=CSC(=N2)NN)[N+](=O)[O-]
26049-71-8,DTXSID3020704,2-Hydrazino-4-(4-aminophenyl) thiazole,MC,"LCDB, Rudel2007",positive,-,AKZHPJMVGQRYGX-UHFFFAOYSA-N,C1=CC(=CC=C1C2=CSC(=N2)NN)N
26471-62-5,DTXSID0024341,Toluene diisocyanate,MC,"IARC, ROC15, NTP, CCRIS, LCDB, Rudel2007",positive,-,DVKJHBMWWAPEIU-UHFFFAOYSA-N,CC1=C(C=C(C=C1)N=C=O)N=C=O
28754-68-9,DTXSID1020061,"trans-5-Amino-3[2-(5-nitro-2-furyl)vinyl]-1,2,4-oxadiazole",MC,"CCRIS, Rudel2007",positive,-,RMZNNIOKNRDECR-HNQUOIGGSA-N,C1=C(OC(=C1)[N+](=O)[O-])/C=C/C2=NOC(=N2)N
297-76-7,DTXSID4020614,Ethynodiol diacetate,MC,"IARC, CCRIS, Rudel2007",-,-,ONKUMRGIYFNPJW-KIEAKMPYSA-N,CC(=O)O[C@H]1CC[C@@H]2[C@H]3CC[C@]4([C@H]([C@@H]3CCC2=C1)CC[C@]4(C#C)OC(=O)C)C
298-04-4,DTXSID0022018,Disulfoton,MC,ToxRefDB,positive,negative,DOFZAZXDOSGAJZ-UHFFFAOYSA-N,CCOP(=S)(OCC)SCCSCC
302-01-2,DTXSID3020702,Hydrazine,MC,"IARC, Rudel2007",positive,-,OAKJQQAXSVQMHS-UHFFFAOYSA-N,NN
302-15-8,DTXSID9020875,Methylhydrazine sulfate,MC,"CCRIS, Rudel2007",-,-,KJDJPXUIZYHXEZ-UHFFFAOYSA-N,CNN.OS(=O)(=O)O
302-22-7,DTXSID6020274,Chlormadinone acetate,MC,"IARC, CCRIS, Rudel2007",positive,-,QMBJSIBWORFWQT-DFXBJWIESA-N,CC(=O)[C@]1(CC[C@@H]2[C@@]1(CC[C@H]3[C@H]2C=C(C4=CC(=O)CC[C@]34C)Cl)C)OC(=O)C
303-47-9,DTXSID7021073,Ochratoxin A,MC,"ROC15, NTP, CCRIS, LCDB, Rudel2007",positive,-,RWQKHEORZBHNRI-BMIGLBTASA-N,C[C@@H]1CC2=C(C=C(C(=C2C(=O)O1)O)C(=O)N[C@@H](CC3=CC=CC=C3)C(=O)O)Cl
3031-51-4,DTXSID4020909,(S)-Furaltadone hydrochloride,MC,"LCDB, Rudel2007",-,-,PPSVFZXMDMUIGB-MERQFXBCSA-N,C1COCCN1C[C@H]2CN(C(=O)O2)N=CC3=CC=C(O3)[N+](=O)[O-].Cl
305-03-3,DTXSID7020263,Chlorambucil,MC,"IARC, CCRIS, LCDB, Rudel2007",positive,-,JCKYGMPEJWAADB-UHFFFAOYSA-N,C1=CC(=CC=C1CCCC(=O)O)N(CCCl)CCCl
3096-50-2,DTXSID6021088,N-(9-Oxo-2-fluorenyl)acetamide,MC,"LCDB, Rudel2007",-,-,PYGNVSDRIIPHQP-UHFFFAOYSA-N,CC(=O)NC1=CC2=C(C=C1)C3=CC=CC=C3C2=O
320-67-2,DTXSID9020116,5-Azacytidine,MC,"LCDB, Rudel2007",positive,-,NMUSYJAQQFHJEW-KVTDHHQDSA-N,C1=NC(=NC(=O)N1[C@H]2[C@@H]([C@@H]([C@H](O2)CO)O)O)N
32852-21-4,DTXSID7020639,Formic acid 2-(4-methyl-2-thiazolyl)hydrazide,MC,"LCDB, Rudel2007",negative,-,YVPLYHWVALRLFV-UHFFFAOYSA-N,CC1=CSC(=N1)NNC=O
3296-90-0,DTXSID9020164,Pentaerythritol dibromide,MC,"IARC, ROC15, NTP, ToxRefDB, CCRIS, LCDB, Rudel2007",positive,negative,CHUGKEQJSLOLHL-UHFFFAOYSA-N,C(C(CO)(CBr)CBr)O
330-54-1,DTXSID0020446,Diuron,MC,"EPA_OPP, ToxRefDB, CCRIS",positive,negative,XMTQQYYKAHVGBJ-UHFFFAOYSA-N,CN(C)C(=O)NC1=CC(=C(C=C1)Cl)Cl
33372-39-3,DTXSID3020176,4-Bis(2-hydroxyethyl)amino-2-(5-nitro-2-thienyl)quinazoline,MC,"LCDB, Rudel2007",positive,-,QPDGFLZXRKDMRL-UHFFFAOYSA-N,C1=CC=C2C(=C1)C(=NC(=N2)C3=CC=C(S3)[N+](=O)[O-])N(CCO)CCO
34549-30-9,DTXSID3024609,"2,2-Bis(bromoethyl)-1,3-propanediol",MC,ToxRefDB,positive,-,HYSLAMQHSLPMQV-UHFFFAOYSA-N,C(CBr)C(CCBr)(CO)CO
3546-10-9,DTXSID6021119,Phenesterin,MC,"NTP, CCRIS, LCDB, Rudel2007",negative,-,SPJCRMJCFSJKDE-ZWBUGVOYSA-N,C[C@H](CCCC(C)C)[C@H]1CC[C@@H]2[C@@]1(CC[C@H]3[C@H]2CC=C4[C@@]3(CC[C@@H](C4)OC(=O)CC5=CC=C(C=C5)N(CCCl)CCCl)C)C
3570-75-0,DTXSID6020640,Formic acid 2-[4-(5-nitro-2-furyl)-2-thiazolyl]hydrazide,MC,"IARC, CCRIS, LCDB, Rudel2007",positive,-,DUWYZHLZDVCZIO-UHFFFAOYSA-N,C1=C(OC(=C1)[N+](=O)[O-])C2=CSC(=N2)NNC=O
3604-87-3,DTXSID2020553,alpha-Ecdysone,MC,"CCRIS, LCDB, Rudel2007",-,-,UPEZCKBFRMILAV-HXUSGADLSA-N,C[C@H]([C@H]1CC[C@@]2([C@@]1(CC[C@H]3C2=CC(=O)[C@H]4[C@@]3(C[C@@H]([C@@H](C4)O)O)C)C)O)[C@@H](CCC(C)(C)O)O
363-17-7,DTXSID3020629,"N-(2-Fluorenyl)-2,2,2-trifluoroacetamide",MC,"LCDB, Rudel2007",-,-,XPHPBNGAXWJHHP-UHFFFAOYSA-N,C1C2=CC=CC=C2C3=C1C=C(C=C3)NC(=O)C(F)(F)F
366-70-1,DTXSID3021190,Procarbazine hydrochloride,MC,"IARC, ROC15, NTP, CCRIS, LCDB, Rudel2007",positive,-,DERJYEZSLHIUKF-UHFFFAOYSA-N,CC(C)NC(=O)C1=CC=C(C=C1)CNNC.Cl
3688-53-7,DTXSID9020033,AF-2,MC,"IARC, CCRIS, LCDB, Rudel2007",positive,-,LYAHJFZLDZDIOH-VURMDHGXSA-N,C1=COC(=C1)/C(=C/C2=CC=C(O2)[N+](=O)[O-])/C(=O)N
3775-55-1,DTXSID2020058,"2-Amino-5-(5-nitro-2-furyl)-1,3,4-oxadiazole",MC,"LCDB, Rudel2007",-,-,VTWQUFUBSCXPOW-UHFFFAOYSA-N,C1=C(OC(=C1)[N+](=O)[O-])C2=NN=C(O2)N
3778-73-2,DTXSID7020760,Ifosfamide,MC,"NTP, CCRIS, LCDB_equivocal, Rudel2007",positive,-,HOMGKSMUEGBAAB-UHFFFAOYSA-N,C1CN(P(=O)(OC1)NCCCl)CCCl
3795-88-8,DTXSID6043834,Levofuraltadone,MC,"IARC, CCRIS, Rudel2007",-,-,YVQVOQKFMFRVGR-NGPAHMQLSA-N,C1COCCN1C[C@H]2CN(C(=O)O2)/N=C/C3=CC=C(O3)[N+](=O)[O-]
3825-26-1,DTXSID8037708,Ammonium perfluorooctanoate,MC,ToxRefDB,-,negative,YOALFLHFSFEMLP-UHFFFAOYSA-N,C(=O)(C(C(C(C(C(C(C(F)(F)F)(F)F)(F)F)(F)F)(F)F)(F)F)(F)F)[O-].[NH4+]
39156-41-7,DTXSID7020398,C.I. Oxidation Base 12A,MC,"ROC15, LCDB, Rudel2007",positive,-,FDJQHYWUHGBBTO-UHFFFAOYSA-N,COC1=C(C=C(C=C1)N)N.OS(=O)(=O)O
4075-79-0,DTXSID8039243,4-Acetylaminobiphenyl,MC,"LCDB, Rudel2007",positive,-,SVLDILRDQOVJED-UHFFFAOYSA-N,CC(=O)NC1=CC=C(C=C1)C2=CC=CC=C2
42011-48-3,DTXSID9021394,"2,2,2-Trifluoro-N-[4-(5-nitro-2-furyl)-2-thiazolyl]acetamide",MC,"LCDB, Rudel2007",positive,-,GMHPROGCQPQRLG-UHFFFAOYSA-N,C1=C(OC(=C1)[N+](=O)[O-])C2=CSC(=N2)NC(=O)C(F)(F)F
42397-65-9,DTXSID2073514,"1,8-Dinitropyrene",MC,"IARC, ROC15, CCRIS, Rudel2007",positive,-,BLYXNIHKOMELAP-UHFFFAOYSA-N,C1=CC2=C3C(=C(C=C2)[N+](=O)[O-])C=CC4=C(C=CC1=C43)[N+](=O)[O-]
4342-03-4,DTXSID0020369,Dacarbazine,MC,"IARC, ROC15, CCRIS, LCDB, Rudel2007",positive,-,FDKXTQMXEQVLRF-ZHACJKMWSA-N,CN(C)/N=N/C1=C(NC=N1)C(=O)N
443-48-1,DTXSID2020892,Metronidazole,MC,"IARC, ROC15, CCRIS, LCDB, Rudel2007",positive,-,VAOCPAMSLUNLGC-UHFFFAOYSA-N,CC1=NC=C(N1CCO)[N+](=O)[O-]
446-72-0,DTXSID5022308,Genistein,MC,"NTP, ToxRefDB, CCRIS",positive,negative,TZBJGXHYKVUXJN-UHFFFAOYSA-N,C1=CC(=CC=C1C2=COC3=CC(=CC(=C3C2=O)O)O)O
4680-78-8,DTXSID3020671,FD&C Green No. 1,MC,"IARC, Rudel2007",inconclusive,-,XKTMIJODWOEBKO-UHFFFAOYSA-M,CCN(CC1=CC(=CC=C1)S(=O)(=O)[O-])C2=CC=C(C=C2)C(=C3C=CC(=[N+](CC)CC4=CC(=CC=C4)S(=O)(=O)[O-])C=C3)C5=CC=CC=C5.[Na+]
488-41-5,DTXSID7022918,Dibromomannitol,MC,"LCDB, Rudel2007",positive,-,VFKZTMPDYBFSTM-KVTDHHQDSA-N,C([C@H]([C@H]([C@@H]([C@@H](CBr)O)O)O)O)Br
49540-32-1,DTXSID20197820,"1,3-Diethyl-1-nitrosourea",MC,"CCRIS, Rudel2007",positive,-,DEWYOTJLJIGZHS-UHFFFAOYSA-N,CCNC(=O)N(CC)N=O
50-07-7,DTXSID2020898,Mitomycin C,MC,"CCRIS, Rudel2007",positive,-,NWIBSHFKIJFRCO-WUDYKRTCSA-N,CC1=C(C(=O)C2=C(C1=O)N3C[C@H]4[C@@H]([C@@]3([C@@H]2COC(=O)N)OC)N4)N
50-18-0,DTXSID5020364,Cyclophosphamide,MC,"IARC, ROC15, CCRIS, Rudel2007",positive,-,CMSMOCZEIVJLDB-UHFFFAOYSA-N,C1CNP(=O)(OC1)N(CCCl)CCCl
50-27-1,DTXSID9022366,Estriol,MC,"IARC, CCRIS, Rudel2007",positive,_NA,PROQIPRRNZUXQM-ZXXIGWHRSA-N,C[C@]12CC[C@H]3[C@H]([C@@H]1C[C@H]([C@@H]2O)O)CCC4=C3C=CC(=C4)O
50-28-2,DTXSID0020573,17beta-Estradiol,MC,"IARC, ToxRefDB, ToxValDB, CCRIS, Rudel2007",positive,_NA,VOXZDWNPVJITMN-ZBRFXRBCSA-N,C[C@]12CC[C@H]3[C@H]([C@@H]1CC[C@@H]2O)CCC4=C3C=CC(=C4)O
50-32-8,DTXSID2020139,Benzo(a)pyrene,MC,"IARC, ROC15, CCRIS, Rudel2007",positive,-,FMMWHPNWAFZXNH-UHFFFAOYSA-N,C1=CC=C2C3=C4C(=CC2=C1)C=CC5=C4C(=CC=C5)C=C3
50-55-5,DTXSID7021237,Reserpine,MC,"IARC, ROC15, NTP, ToxRefDB, CCRIS, LCDB, Rudel2007",positive,negative,QEVHRUUCFGRFIF-MDEJGZGSSA-N,CO[C@H]1[C@@H](C[C@@H]2CN3CCC4=C([C@H]3C[C@@H]2[C@@H]1C(=O)OC)NC5=C4C=CC(=C5)OC)OC(=O)C6=CC(=C(C(=C6)OC)OC)OC
5036-03-3,DTXSID1020724,1-(2-Hydroxyethyl)-3-[(5-nitrofurfurylidene)amino]-2-imidazolidinone,MC,"LCDB, Rudel2007",positive,-,VDDRCCQKLVNYHQ-YRNVUSSQSA-N,C1CN(C(=O)N1CCO)/N=C/C2=CC=C(O2)[N+](=O)[O-]
51-79-6,DTXSID9021427,Urethane,MC,"ROC15, NTP, ToxRefDB, CCRIS, Rudel2007",positive,negative,JOYRKODLDBILNP-UHFFFAOYSA-N,CCOC(=O)N
51-98-9,DTXSID4023381,Norethindrone acetate,MC,ToxRefDB,positive,-,IMONTRJLAWHYGT-ZCPXKWAGSA-N,CC(=O)O[C@]1(CC[C@@H]2[C@@]1(CC[C@H]3[C@H]2CCC4=CC(=O)CC[C@H]34)C)C#C
51264-14-3,DTXSID4022604,Amsacrine,MC,"IARC, Rudel2007",positive,-,XCPGHVQEEXUHNC-UHFFFAOYSA-N,COC1=C(C=CC(=C1)NS(=O)(=O)C)NC2=C3C=CC=CC3=NC4=CC=CC=C42
51325-35-0,DTXSID9020954,"N,N'-[6-(5-Nitro-2-furyl)-S-triazine-2,4-diyl]bisacetamide",MC,"LCDB, Rudel2007",positive,-,OSFMMSIDSIQFIT-UHFFFAOYSA-N,CC(=O)NC1=NC(=NC(=N1)C2=CC=C(O2)[N+](=O)[O-])NC(=O)C
51630-58-1,DTXSID101017940,Fenvalerate,MC,"IARC, Rudel2007",positive,negative,NYPJDWWKZLNGGM-UHFFFAOYSA-N,CC(C)C(C1=CC=C(C=C1)Cl)C(=O)OC(C#N)C2=CC(=CC=C2)OC3=CC=CC=C3
52-24-4,DTXSID0021339,Thiotepa,MC,"IARC, ROC15, CCRIS, Rudel2007",positive,-,FOCVUCIESVLUNU-UHFFFAOYSA-N,C1CN1P(=S)(N2CC2)N3CC3
52-76-6,DTXSID4021478,Lynestrenol,MC,"IARC, Rudel2007",positive,negative,YNVGQYHLRCDXFQ-XGXHKTLJSA-N,C[C@]12CC[C@H]3[C@H]([C@@H]1CC[C@]2(C#C)O)CCC4=CCCC[C@H]34
53-16-7,DTXSID4022367,Estrone,MC,"IARC, CCRIS, Rudel2007",positive,_NA,DNXHEGUUPJUMQT-CBZIJGRNSA-N,C[C@]12CC[C@H]3[C@H]([C@@H]1CCC2=O)CCC4=C3C=CC(=C4)O
53-70-3,DTXSID9020409,"Dibenz(a,h)anthracene",MC,"IARC, ROC15, Rudel2007",positive,-,LHRCREOYAASXPZ-UHFFFAOYSA-N,C1=CC=C2C(=C1)C=CC3=CC4=C(C=CC5=CC=CC=C54)C=C32
53-86-1,DTXSID9020740,1-(p-Chlorobenzoyl)-5-methoxy-2-methyl-Indole-3-acetic acid,MC,"LCDB, Rudel2007",positive,negative,CGIGDMFJXJATDK-UHFFFAOYSA-N,CC1=C(C2=C(N1C(=O)C3=CC=C(C=C3)Cl)C=CC(=C2)OC)CC(=O)O
53-95-2,DTXSID2020719,N-Hydroxy-2-acetylaminofluorene,MC,"CCRIS, Rudel2007",positive,-,SOKUIEGXJHVFDV-UHFFFAOYSA-N,CC(=O)N(C1=CC2=C(C=C1)C3=CC=CC=C3C2)O
53-96-3,DTXSID0039227,2-Acetylaminofluorene,MC,"ROC15, CCRIS, LCDB, Rudel2007",positive,-,CZIHNRWJTSTCEX-UHFFFAOYSA-N,CC(=O)NC1=CC2=C(C=C1)C3=CC=CC=C3C2
531-18-0,DTXSID1020693,Hexamethylolmelamine,MC,"LCDB, Rudel2007",-,-,YGCOKJWKWLYHTG-UHFFFAOYSA-N,C(N(CO)C1=NC(=NC(=N1)N(CO)CO)N(CO)CO)O
531-76-0,DTXSID9031569,Merphalan,MC,"IARC, CCRIS, Rudel2007",positive,-,SGDBTWWWUNNDEQ-UHFFFAOYSA-N,C1=CC(=CC=C1CC(C(=O)O)N)N(CCCl)CCCl
531-82-8,DTXSID9020952,N-[4-(5-Nitro-2-furyl)-2-thiazolyl]acetamide,MC,"IARC, CCRIS, LCDB, Rudel2007",positive,-,GYRMPDLIHUXUIG-UHFFFAOYSA-N,CC(=O)NC1=NC(=CS1)C2=CC=C(O2)[N+](=O)[O-]
531-85-1,DTXSID7020138,Benzidine dihydrochloride,MC,CCRIS,positive,-,RUAXWVDEYJEWRY-UHFFFAOYSA-N,C1=CC(=CC=C1C2=CC=C(C=C2)N)N.Cl.Cl
532-27-4,DTXSID9020293,2-Chloroacetophenone,MC,"NTP_equivocal, ToxRefDB, CCRIS_equivocal, LCDB_equivocal, Rudel2007",positive,negative,IMACFCSSMIZSPP-UHFFFAOYSA-N,C1=CC=C(C=C1)C(=O)CCl
533-74-4,DTXSID7024902,Dazomet,MC,ToxRefDB,positive,negative,QAYICIQNSGETAS-UHFFFAOYSA-N,CN1CN(C(=S)SC1)C
53757-28-1,DTXSID4020951,4-(5-Nitro-2-furyl)thiazole,MC,"CCRIS, LCDB, Rudel2007",positive,-,NOMAVCLLBXUQRD-UHFFFAOYSA-N,C1=C(OC(=C1)[N+](=O)[O-])C2=CSC=N2
54-31-9,DTXSID6020648,Furosemide,MC,"IARC, NTP, CCRIS, LCDB, Rudel2007",positive,negative,ZZUFCTLCJUWOSV-UHFFFAOYSA-N,C1=COC(=C1)CNC2=CC(=C(C=C2C(=O)O)S(=O)(=O)N)Cl
54-85-3,DTXSID8020755,Isoniazid,MC,"LCDB, Rudel2007",positive,negative,QRXWMOHMRWLFEY-UHFFFAOYSA-N,C1=CN=CC=C1C(=O)NN
5405-53-8,DTXSID8075253,"9H-Fluorene, 2,7-dinitro-",MC,CCRIS,positive,-,IHZCVUBSTYOFSJ-UHFFFAOYSA-N,C1C2=C(C=CC(=C2)[N+](=O)[O-])C3=C1C=C(C=C3)[N+](=O)[O-]
542-75-6,DTXSID1022057,"1,3-Dichloropropene",MC,EPA_OPP,positive,-,UOORRWUZONOOLO-UHFFFAOYSA-N,C(C=CCl)Cl
55-18-5,DTXSID2021028,N-Nitrosodiethylamine,MC,ROC15,positive,negative,WBNQDOYYEUMPFS-UHFFFAOYSA-N,CCN(CC)N=O
551-92-8,DTXSID5020497,"1,2-Dimethyl-5-nitroimidazole",MC,"LCDB, Rudel2007",positive,-,IBXPYPUJPLLOIN-UHFFFAOYSA-N,CC1=NC=C(N1C)[N+](=O)[O-]
55120-47-3,DTXSID10203641,"N,N'-Dimethylnitrosourea",MC,"CCRIS, Rudel2007",-,-,VSMLKOBHLXAHFD-UHFFFAOYSA-N,CN(C)C(=O)NN=O
5522-43-0,DTXSID6020983,1-Nitropyrene,MC,"IARC, ROC15, CCRIS, LCDB, Rudel2007",positive,-,ALRLPDGCPYIVHP-UHFFFAOYSA-N,C1=CC2=C3C(=C1)C=CC4=C(C=CC(=C43)C=C2)[N+](=O)[O-]
55283-68-6,DTXSID8032386,Ethalfluralin,MC,"EPA_OPP, ToxRefDB, CCRIS",positive,negative,PTFJIKYUEPWBMS-UHFFFAOYSA-N,CCN(CC(=C)C)C1=C(C=C(C=C1[N+](=O)[O-])C(F)(F)F)[N+](=O)[O-]
55335-06-3,DTXSID0032497,Triclopyr,MC,EPA_OPP_equivocal,-,negative,REEQLXCGVXDJSQ-UHFFFAOYSA-N,C1=C(C(=NC(=C1Cl)Cl)OCC(=O)O)Cl
55406-53-6,DTXSID0028038,3-Iodo-2-propynyl-N-butylcarbamate,MC,EPA_OPP_dismissed,negative,negative,WYVVKGNFXHOCQV-UHFFFAOYSA-N,CCCCNC(=O)OCC#CI
555-84-0,DTXSID2020973,1-[(5-Nitrofurfurylidene)amino]-2-imidazolidinone,MC,"IARC, CCRIS, LCDB, Rudel2007",positive,-,VSVAVMVWTLLTCH-BJMVGYQFSA-N,C1CN(C(=O)N1)/N=C/C2=CC=C(O2)[N+](=O)[O-]
556-52-5,DTXSID4020666,Glycidol,MC,"IARC, ROC15, NTP, ToxRefDB, CCRIS, LCDB, Rudel2007",positive,negative,CTKINSOISVBQLD-UHFFFAOYSA-N,C1C(O1)CO
55738-54-0,DTXSID7020502,"trans-2-[(Dimethylamino)methylimino]-5-[2-(5-nitro-2-furyl)vinyl]-1,3,4-oxadiazole",MC,"IARC, CCRIS, LCDB, Rudel2007",positive,-,RLGAJSNJUZVZTA-HWKANZROSA-N,CN(C)CNC1=NN=C(O1)/C=C/C2=CC=C(O2)[N+](=O)[O-]
5589-96-8,DTXSID4024642,Bromochloroacetic acid,MC,"ROC15, NTP, CCRIS",positive,-,GEHJBWKLJVFKPS-UHFFFAOYSA-N,C(C(=O)O)(Cl)Br
56-23-5,DTXSID8020250,Carbon tetrachloride,MC,"IARC, ROC15, LCDB, Rudel2007",positive,-,VZGDMQKNWNREIO-UHFFFAOYSA-N,C(Cl)(Cl)(Cl)Cl
56-38-2,DTXSID7021100,Parathion,MC,IARC,positive,"E2, P4",LCCNCVORNKJIRZ-UHFFFAOYSA-N,CCOP(=S)(OCC)OC1=CC=C(C=C1)[N+](=O)[O-]
56-49-5,DTXSID0020862,3-Methylcholanthrene,MC,"LCDB, Rudel2007",positive,-,PPQNQXQZIWHJRB-UHFFFAOYSA-N,CC1=C2CCC3=C2C(=CC4=C3C=CC5=CC=CC=C54)C=C1
56-53-1,DTXSID3020465,Diethylstilbestrol,MC,"IARC, ROC15, CCRIS, LCDB, Rudel2007",positive,E2,RGLYKWWBQGJZGM-ISLYRVAYSA-N,CC/C(=C(/CC)\C1=CC=C(C=C1)O)/C2=CC=C(C=C2)O
56654-52-5,DTXSID8020418,"1,3-Dibutyl-1-nitrosourea",MC,"LCDB, Rudel2007",positive,-,OWGLVQAUSIPFBA-UHFFFAOYSA-N,CCCCNC(=O)N(CCCC)N=O
569-61-9,DTXSID1021247,C.I. Basic Red 9 monohydrochloride,MC,"ROC15_equivocal, NTP_equivocal, CCRIS, LCDB_equivocal, Rudel2007",positive,-,JUQPZRLQQYSMEQ-UHFFFAOYSA-N,C1=CC(=N)C=CC1=C(C2=CC=C(C=C2)N)C3=CC=C(C=C3)N.Cl
569-64-2,DTXSID1025512,Malachite green,MC,"IARC, NTP_equivocal, CCRIS_equivocal, Rudel2007",positive,negative,FDZZZRQASAIRJF-UHFFFAOYSA-M,CN(C)C1=CC=C(C=C1)C(=C2C=CC(=[N+](C)C)C=C2)C3=CC=CC=C3.[Cl-]
56932-45-7,DTXSID20205479,"N1-(Tris(hydroxymethyl))methyl-4-nitro-1,2-phenylenediamine",MC,"CCRIS, Rudel2007",-,-,PQJDXVDLMFCBQD-UHFFFAOYSA-N,C1=CC(=C(C=C1[N+](=O)[O-])N)NC(CO)(CO)CO
5694-00-8,DTXSID2031374,Glycidamide,MC,NTP,positive,negative,FMAZQSYXRGRESX-UHFFFAOYSA-N,C1C(O1)C(=O)N
57-47-6,DTXSID3023471,Physostigmine,MC,CCRIS,negative,-,PIJVFDBKTWXHHD-HIFRSBDPSA-N,C[C@@]12CCN([C@@H]1N(C3=C2C=C(C=C3)OC(=O)NC)C)C
57-63-6,DTXSID5020576,17alpha-Ethinylestradiol,MC,"IARC, NTP_equivocal, CCRIS, Rudel2007",positive,_NA,BFPYWIDHMRZLRN-SLHNCBLASA-N,C[C@]12CC[C@H]3[C@H]([C@@H]1CC[C@]2(C#C)O)CCC4=C3C=CC(=C4)O
57-83-0,DTXSID3022370,Progesterone,MC,"IARC, ROC15, CCRIS, Rudel2007",positive,_NA,RJKFOVLPORLFTN-LEKSSAKUSA-N,CC(=O)[C@H]1CC[C@@H]2[C@@]1(CC[C@H]3[C@H]2CCC4=CC(=O)CC[C@]34C)C
57-97-6,DTXSID1020510,"7,12-Dimethylbenz(a)anthracene",MC,"CCRIS, Rudel2007",positive,E2,ARSRBNBHOADGJU-UHFFFAOYSA-N,CC1=C2C=CC3=CC=CC=C3C2=C(C4=CC=CC=C14)C
57117-31-4,DTXSID7030066,"2,3,4,7,8-Pentachlorodibenzofuran",MC,"NTP_dismissed, ToxRefDB",-,-,OGBQILNBLMPPDP-UHFFFAOYSA-N,C1=C2C3=CC(=C(C(=C3OC2=CC(=C1Cl)Cl)Cl)Cl)Cl
57835-92-4,DTXSID5074844,4-Nitropyrene,MC,"IARC, ROC15, CCRIS, Rudel2007",positive,-,UISKIUIWPSPSAV-UHFFFAOYSA-N,C1=CC2=C3C(=C1)C=C(C4=CC=CC(=C43)C=C2)[N+](=O)[O-]
58-22-0,DTXSID8022371,Testosterone,MC,"IARC, CCRIS, Rudel2007",negative,-,MUMGGOZAMZWBJJ-DYKIIFRCSA-N,C[C@]12CC[C@H]3[C@H]([C@@H]1CC[C@@H]2O)CCC4=CC(=O)CC[C@]34C
5834-17-3,DTXSID9020825,2-Methoxy-3-aminodibenzofuran,MC,"LCDB, Rudel2007",-,-,SGQVWNYSHWQNOS-UHFFFAOYSA-N,COC1=C(C=C2C(=C1)C3=CC=CC=C3O2)N
58917-67-2,DTXSID9036779,Benzo(a)pyrene diolepoxide 1,MC,"CCRIS, Rudel2007",positive,-,DQEPMTIXHXSFOR-WCIQWLHISA-N,C1=CC2=C3C(=C1)C=CC4=C3C(=CC5=C4[C@@H]6[C@@H](O6)[C@H]([C@@H]5O)O)C=C2
59-35-8,DTXSID0020496,"4,6-Dimethyl-2-(5-nitro-2-furyl) pyrimidine",MC,"LCDB, Rudel2007",-,-,RYBISXUKVTYYNN-UHFFFAOYSA-N,CC1=CC(=NC(=N1)C2=CC=C(O2)[N+](=O)[O-])C
59-87-0,DTXSID5020944,Nitrofurazone,MC,"IARC, NTP, ToxRefDB, ToxValDB, CCRIS, LCDB, Rudel2007",positive,negative,IAIWVQXQOWNYOU-FPYGCLRLSA-N,C1=C(OC(=C1)[N+](=O)[O-])/C=N/NC(=O)N
5915-41-3,DTXSID4027608,Terbutylazine,MC,"EPA_OPP_dismissed, ToxRefDB",negative,"E2, *P4",FZXISNSWEXTPMF-UHFFFAOYSA-N,CCNC1=NC(=NC(=N1)Cl)NC(C)(C)C
595-33-5,DTXSID9040683,Megestrol acetate,MC,"IARC, CCRIS, Rudel2007",positive,-,RQZAXGRLVPAYTJ-GQFGMJRRSA-N,CC1=C[C@@H]2[C@H](CC[C@]3([C@H]2CC[C@@]3(C(=O)C)OC(=O)C)C)[C@@]4(C1=CC(=O)CC4)C
60-57-1,DTXSID9020453,Dieldrin,MC,IARC,positive,negative,DFBKLUNHFCTMDC-PICURKEMSA-N,C1[C@@H]2[C@H]3[C@@H]([C@H]1[C@H]4[C@@H]2O4)[C@]5(C(=C([C@@]3(C5(Cl)Cl)Cl)Cl)Cl)Cl
602-87-9,DTXSID3020960,5-Nitroacenaphthene,MC,"IARC, NTP, CCRIS, LCDB, Rudel2007",positive,-,CUARLQDWYSRQDF-UHFFFAOYSA-N,C1CC2=CC=C(C3=CC=CC1=C23)[N+](=O)[O-]
60391-92-6,DTXSID3020251,Carboxymethylnitrosourea,MC,"LCDB, Rudel2007",positive,-,JWFMCQPAQYKFDP-UHFFFAOYSA-N,C(C(=O)O)N(C(=O)N)N=O
607-57-8,DTXSID2020971,2-Nitrofluorene,MC,"IARC, Rudel2007",positive,-,XFOHWECQTFIEIX-UHFFFAOYSA-N,C1C2=CC=CC=C2C3=C1C=C(C=C3)[N+](=O)[O-]
61-57-4,DTXSID6045244,Niridazole,MC,"IARC, CCRIS, Rudel2007",positive,-,RDXLYGJSWZYTFJ-UHFFFAOYSA-N,C1CN(C(=O)N1)C2=NC=C(S2)[N+](=O)[O-]
612-82-8,DTXSID6020511,"3,3'-Dimethylbenzidine dihydrochloride",MC,"IARC, ROC15, NTP, CCRIS, LCDB",positive,"E2, P4",LUKPNZHXJRJBAN-UHFFFAOYSA-N,CC1=C(C=CC(=C1)C2=CC(=C(C=C2)N)C)N.Cl.Cl
613-13-8,DTXSID2024458,2-Aminoanthracene,MC,"CCRIS, Rudel2007",positive,-,YCSBALJAGZKWFF-UHFFFAOYSA-N,C1=CC=C2C=C3C=C(C=CC3=CC2=C1)N
613-35-4,DTXSID9036854,"N,N'-Diacetylbenzidine",MC,"IARC, CCRIS, Rudel2007",positive,-,CZVHCFKUXGRABC-UHFFFAOYSA-N,CC(=O)NC1=CC=C(C=C1)C2=CC=C(C=C2)NC(=O)C
62-44-2,DTXSID1021116,Phenacetin,MC,"LCDB, Rudel2007",positive,-,CPJSUEIXXCENMM-UHFFFAOYSA-N,CCOC1=CC=C(C=C1)NC(=O)C
62-50-0,DTXSID6025309,Ethyl methanesulfonate,MC,"ROC15, Rudel2007",positive,-,PLUBXMRUUVWRLT-UHFFFAOYSA-N,CCOS(=O)(=O)C
62-73-7,DTXSID5020449,Dichlorvos,MC,"IARC, NTP_equivocal, EPA_OPP_dismissed, ToxRefDB, CCRIS, LCDB_equivocal, Rudel2007",positive,*P4,OEBRKCOSUFCWJD-UHFFFAOYSA-N,COP(=O)(OC)OC=C(Cl)Cl
62450-07-1,DTXSID5043768,Trp-P-2,MC,"CCRIS, Rudel2007",positive,-,LKKMLIBUAXYLOY-UHFFFAOYSA-N,CC1=C2C3=CC=CC=C3NC2=CC(=N1)N
630-20-6,DTXSID2021317,"1,1,1,2-Tetrachloroethane",MC,IARC,positive,-,QVLAWKAXOMEXPM-UHFFFAOYSA-N,C(C(Cl)(Cl)Cl)Cl
630-56-8,DTXSID6043915,"17-((1-Oxohexyl)oxy)pregn-4-ene-3,20-dione",MC,"IARC, Rudel2007",-,negative,DOMWKUIIPQCAJU-LJHIYBGHSA-N,CCCCCC(=O)O[C@@]1(CC[C@@H]2[C@@]1(CC[C@H]3[C@H]2CCC4=CC(=O)CC[C@]34C)C)C(=O)C
63019-65-8,DTXSID8020389,N-1-Diacetamidofluorene,MC,"LCDB, Rudel2007",-,-,SKNCUWLBDFPISU-UHFFFAOYSA-N,CC(=O)N(C1=CC=CC2=C1CC3=CC=CC=C32)C(=O)C
636-21-5,DTXSID7021364,2-Methylaniline hydrochloride,MC,"NTP, ToxRefDB, CCRIS, LCDB",positive,negative,OGVXWEOZQMAAIM-UHFFFAOYSA-N,CC1=CC=CC=C1N.Cl
63642-17-1,DTXSID1020851,N-(N-Methyl-N-nitrosocarbamoyl)-l-ornithine,MC,"CCRIS, LCDB, Rudel2007",-,-,QEQYAQFYVFRGQD-YFKPBYRVSA-N,CN(C(=O)NCCC[C@@H](C(=O)O)N)N=O
64-17-5,DTXSID9020584,Ethanol,MC,IARC,positive,-,LFQSCWFLJHTTHZ-UHFFFAOYSA-N,CCO
6459-94-5,DTXSID8021224,C.I. Acid Red 114,MC,"IARC, ROC15_equivocal, NTP_equivocal, LCDB_equivocal, Rudel2007",positive,-,HNBQFKZSMFFZQY-UHFFFAOYSA-L,CC1=CC=C(C=C1)S(=O)(=O)OC2=CC=C(C=C2)N=NC3=C(C=C(C=C3)C4=CC(=C(C=C4)N=NC5=C(C=CC6=CC(=CC(=C65)S(=O)(=O)[O-])S(=O)(=O)[O-])O)C)C.[Na+].[Na+]
66-75-1,DTXSID8026270,Uracil mustard,MC,"CCRIS, Rudel2007",positive,-,IDPUKCWIGUEADI-UHFFFAOYSA-N,C1=C(C(=O)NC(=O)N1)N(CCCl)CCCl
67-20-9,DTXSID7020972,Nitrofurantoin,MC,"IARC, CCRIS, Rudel2007",positive,negative,NXFQHRVNIOXGAQ-YCRREMRBSA-N,C1C(=O)NC(=O)N1/N=C/C2=CC=C(O2)[N+](=O)[O-]
67651-34-7,DTXSID5022350,"2,3,4,5-Tetrachloro-4'-biphenylol",MC,"IARC, CCRIS",-,-,RESKVBRHSNTJNG-UHFFFAOYSA-N,C1=CC(=CC=C1C2=CC(=C(C(=C2Cl)Cl)Cl)Cl)O
68-22-4,DTXSID9023380,Norethindrone,MC,"IARC, ROC15, Rudel2007",negative,negative,VIKNJXKGJWUCNN-XGXHKTLJSA-N,C[C@]12CC[C@H]3[C@H]([C@@H]1CC[C@]2(C#C)O)CCC4=CC(=O)CC[C@H]34
68-23-5,DTXSID3021069,Norethynodrel,MC,"IARC, CCRIS, Rudel2007",positive,-,ICTXHFFSOAJUMG-SLHNCBLASA-N,C[C@]12CC[C@H]3[C@H]([C@@H]1CC[C@]2(C#C)O)CCC4=C3CCC(=O)C4
68162-13-0,-,"Trans-7,12-Dimethylbenz(a)anthracene-3,4-dihydrodiol",MC,CCRIS,positive,-,YZIIKMBFHLJAFT-ICSRJNTNSA-N,CC1=C2C=CC3=C(C2=C(C4=CC=CC=C14)C)C=C[C@@H]([C@H]3O)O
68359-37-5,DTXSID5035957,Cyfluthrin,MC,"EPA_OPP_dismissed, ToxRefDB",negative,E2,QQODLKZGRKWIFG-UHFFFAOYSA-N,CC1(C(C1C(=O)OC(C#N)C2=CC(=C(C=C2)F)OC3=CC=CC=C3)C=C(Cl)Cl)C
684-93-5,DTXSID4021006,N-Nitroso-N-methylurea,MC,"ROC15, CCRIS, Rudel2007",positive,negative,ZRKWMRDKSOPRRS-UHFFFAOYSA-N,CN(C(=O)N)N=O
69409-94-5,DTXSID7024110,Fluvalinate,MC,ToxRefDB,-,-,INISTDXBRIBGOC-UHFFFAOYSA-N,CC(C)C(C(=O)OC(C#N)C1=CC(=CC=C1)OC2=CC=CC=C2)NC3=C(C=C(C=C3)C(F)(F)F)Cl
7008-42-6,DTXSID0020026,Acronycine,MC,"NTP, CCRIS, LCDB, Rudel2007",-,-,SMPZPKRDRQOOHT-UHFFFAOYSA-N,CC1(C=CC2=C3C(=C(C=C2O1)OC)C(=O)C4=CC=CC=C4N3C)C
71-43-2,DTXSID3039242,Benzene,MC,"IARC, ROC15, NTP, CCRIS, LCDB, Rudel2007",positive,-,UHOVQNZJYSORNB-UHFFFAOYSA-N,C1=CC=CC=C1
71-58-9,DTXSID0025527,Medroxyprogesterone acetate,MC,"IARC, CCRIS, Rudel2007",positive,-,PSGAAPLEWMOORI-PEINSRQWSA-N,C[C@H]1C[C@@H]2[C@H](CC[C@]3([C@H]2CC[C@@]3(C(=O)C)OC(=O)C)C)[C@@]4(C1=CC(=O)CC4)C
71133-14-7,DTXSID4024644,Bromodichloroacetic acid,MC,"ROC15, NTP",positive,-,XSWVFEQKZFUULO-UHFFFAOYSA-N,C(=O)(C(Cl)(Cl)Br)O
712-68-5,DTXSID7020059,"2-Amino-5-(5-nitro-2-furyl)-1,3,4-thiadiazole",MC,"IARC, CCRIS, LCDB, Rudel2007",-,-,SXZZHGJWUBJKHH-UHFFFAOYSA-N,C1=C(OC(=C1)[N+](=O)[O-])C2=NN=C(S2)N
71609-22-8,DTXSID60221855,"N-Hydroxy-N,N'-diacetylbenzidine",MC,"CCRIS, Rudel2007",-,-,DPQGMVKYMDBTIA-UHFFFAOYSA-N,CC(=O)NC1=CC=C(C=C1)C2=CC=C(C=C2)N(C(=O)C)O
72-33-3,DTXSID0020814,Mestranol,MC,"IARC, CCRIS, Rudel2007",positive,negative,IMSSROKUHAOUJS-MJCUULBUSA-N,C[C@]12CC[C@H]3[C@H]([C@@H]1CC[C@]2(C#C)O)CCC4=C3C=CC(=C4)OC
720-69-4,DTXSID7020396,"4,6-Diamino-2-(5-nitro-2-furyl)-s-triazine",MC,"LCDB, Rudel2007",positive,-,SUDMLGKFWIJSEI-UHFFFAOYSA-N,C1=C(OC(=C1)[N+](=O)[O-])C2=NC(=NC(=N2)N)N
72254-58-1,DTXSID5021417,Trp-P-2 acetate,MC,"LCDB, Rudel2007",negative,-,AASZBFHIHXZWRI-UHFFFAOYSA-N,CC1=C2C3=CC=CC=C3NC2=CC(=N1)N.CC(=O)O
72479-23-3,DTXSID50222775,1-Nitroso-1-ethyl-3-methylurea,MC,"CCRIS, Rudel2007",-,-,MQLQMSXXDOSWKY-UHFFFAOYSA-N,CCN(C(=O)NC)N=O
732-11-6,DTXSID5024261,Phosmet,MC,EPA_OPP,positive,P4,LMNZTLDVJIUSHT-UHFFFAOYSA-N,COP(=S)(OC)SCN1C(=O)C2=CC=CC=C2C1=O
7336-20-1,DTXSID2020397,"4,4'-Diamino-2,2'-stilbenedisulfonic acid, disodium salt",MC,"NTP_dismissed, Rudel2007",negative,-,YAKFHPREDNNSFX-UHFFFAOYSA-L,C1=CC(=C(C=C1N)S(=O)(=O)[O-])C=CC2=C(C=C(C=C2)N)S(=O)(=O)[O-].[Na+].[Na+]
7496-02-8,DTXSID9075454,6-Nitrochrysene,MC,"IARC, ROC15, CCRIS, Rudel2007",positive,-,UAWLTQJFZUYROA-UHFFFAOYSA-N,C1=CC=C2C(=C1)C=CC3=C2C=C(C4=CC=CC=C34)[N+](=O)[O-]
75-01-4,DTXSID8021434,Vinyl chloride,MC,"IARC, ROC15, CCRIS, LCDB, Rudel2007",positive,-,BZHJMEDXRYGGRV-UHFFFAOYSA-N,C=CCl
75-02-5,DTXSID3021435,Vinyl fluoride,MC,"IARC, ROC15, CCRIS, LCDB, Rudel2007",positive,-,XUCNUKMRBVNAPB-UHFFFAOYSA-N,C=CF
75-07-0,DTXSID5039224,Acetaldehyde,MC,"IARC, ROC15",positive,negative,IKHGUXGNUITLKF-UHFFFAOYSA-N,CC=O
75-09-2,DTXSID0020868,Dichloromethane,MC,"IARC, ROC15, NTP, CCRIS, LCDB, Rudel2007",positive,-,YMWUJEATGCHHMB-UHFFFAOYSA-N,C(Cl)Cl
75-21-8,DTXSID0020600,Ethylene oxide,MC,"IARC, ROC15, NTP, EPA_IRIS, LCDB, Rudel2007",positive,-,IAYPIBMASNFSPL-UHFFFAOYSA-N,C1CO1
75-34-3,DTXSID1020437,"1,1-Dichloroethane",MC,"NTP_equivocal, ToxRefDB, CCRIS_equivocal, LCDB_equivocal, Rudel2007",positive,-,SCYULBFZEHDVBN-UHFFFAOYSA-N,CC(Cl)Cl
75-35-4,DTXSID8021438,"1,1-Dichloroethylene",MC,"IARC, CCRIS, LCDB, Rudel2007",positive,-,LGXVIGDEPROXKC-UHFFFAOYSA-N,C=C(Cl)Cl
75-52-5,DTXSID2020977,Nitromethane,MC,"IARC, ROC15, NTP, ToxValDB, CCRIS, LCDB, Rudel2007",positive,-,LYGJENNIWJXYER-UHFFFAOYSA-N,C[N+](=O)[O-]
75-55-8,DTXSID8024286,Propyleneimine,MC,"IARC, ROC15, CCRIS, Rudel2007",positive,-,OZDGMOYKSFPLSE-UHFFFAOYSA-N,CC1CN1
75-56-9,DTXSID5021207,"1,2-Propylene oxide",MC,"IARC, ROC15, EPA_OPP_dismissed, ToxRefDB, LCDB, Rudel2007",positive,-,GOOHAUXETOMSMM-UHFFFAOYSA-N,CC1CO1
75198-31-1,DTXSID0020947,"3-(5-Nitro-2-furyl)-imidazo(1,2-alpha) pyridine",MC,"LCDB, Rudel2007",-,-,ZDFULRQJRIJLRF-UHFFFAOYSA-N,C1=CC2=NC=C(N2C=C1)C3=CC=C(O3)[N+](=O)[O-]
75321-20-9,DTXSID5074975,"1,3-Dinitropyrene",MC,"IARC, CCRIS, Rudel2007",positive,-,KTNUVDBUEAQUON-UHFFFAOYSA-N,C1=CC2=C3C(=C1)C=CC4=C(C=C(C(=C43)C=C2)[N+](=O)[O-])[N+](=O)[O-]
75443-72-0,-,"Anti-3,4-Dihydroxy-1,2-epoxy-1,2,3,4-tetrahydrobenzo(c)phenanthrene",MC,CCRIS,-,-,QGMAOLZIDYVIDK-XDNAFOTISA-N,C1=CC=C2C(=C1)C=CC3=C2C4=C(C=C3)[C@H]([C@@H]([C@H]5[C@@H]4O5)O)O
759-73-9,DTXSID8020593,1-Ethyl-1-nitrosourea,MC,"ROC15, CCRIS, Rudel2007",positive,-,FUSGACRLAFQQRL-UHFFFAOYSA-N,CCN(C(=O)N)N=O
76-06-2,DTXSID0020315,Trichloronitromethane,MC,"ToxRefDB, CCRIS",positive,-,LFHISGNCFUNFFM-UHFFFAOYSA-N,C([N+](=O)[O-])(Cl)(Cl)Cl
760-56-5,DTXSID3020049,1-Allyl-1-nitrosourea,MC,"CCRIS, LCDB, Rudel2007",positive,-,WBBDVRPSJSJSPC-UHFFFAOYSA-N,C=CCN(C(=O)N)N=O
76180-96-6,DTXSID4020745,"2-Amino-3-methyl-3H-imidazo[4,5-f]quinoline",MC,"IARC, ROC15, CCRIS, LCDB, Rudel2007",positive,-,ARZWATDYIYAUTA-UHFFFAOYSA-N,CN1C2=C(C3=C(C=C2)N=CC=C3)N=C1N
7632-00-0,DTXSID0020941,Sodium nitrite,MC,IARC,positive,negative,LPXPTNMVRIOKMN-UHFFFAOYSA-M,N(=O)[O-].[Na+]
77-46-3,DTXSID1021295,"4,4'-Sulfonylbisacetanilide",MC,"LCDB, Rudel2007",negative,-,AMTPYFGPPVFBBI-UHFFFAOYSA-N,CC(=O)NC1=CC=C(C=C1)S(=O)(=O)C2=CC=C(C=C2)NC(=O)C
77094-11-2,DTXSID6020800,MeIQ,MC,"IARC, ROC15, CCRIS, Rudel2007",positive,-,GMGWMIJIGUYNAY-UHFFFAOYSA-N,CC1=CC2=C(C=CC=N2)C3=C1N(C(=N3)N)C
77439-76-0,DTXSID6020276,3-Chloro-4-(dichloromethyl)-5-hydroxy-2(5H)-furanone,MC,"IARC, ToxValDB, CCRIS, LCDB, Rudel2007",positive,-,WNTRMRXAGJOLCU-UHFFFAOYSA-N,C1(C(=C(C(=O)O1)Cl)C(Cl)Cl)O
77500-04-0,DTXSID1020801,MeIQx,MC,CCRIS,positive,-,DVCCCQNKIYNAKB-UHFFFAOYSA-N,CC1=CN=C2C=CC3=C(C2=N1)N=C(N3C)N
78-79-5,DTXSID2020761,Isoprene,MC,"IARC, ROC15, NTP, CCRIS, LCDB, Rudel2007",positive,-,RRHGJUQNOFWUDK-UHFFFAOYSA-N,CC(=C)C=C
78-87-5,DTXSID0020448,"1,2-Dichloropropane",MC,"IARC, NTP_equivocal, ToxRefDB, CCRIS_equivocal, LCDB_equivocal, Rudel2007",positive,-,KNKRKFALVUDBJE-UHFFFAOYSA-N,CC(CCl)Cl
78587-05-0,DTXSID7024299,Hexythiazox,MC,CCRIS,-,"E2, *P4",XGWIJUOSCAQSSV-XHDPSFHLSA-N,C[C@H]1[C@@H](SC(=O)N1C(=O)NC2CCCCC2)C3=CC=C(C=C3)Cl
79-01-6,DTXSID0021383,Trichloroethylene,MC,IARC,positive,-,XSTXAVWGXDQKEL-UHFFFAOYSA-N,C(=C(Cl)Cl)Cl
79-06-1,DTXSID5020027,Acrylamide,MC,"IARC, ROC15, NTP, ToxRefDB, ToxValDB, CCRIS, LCDB, Rudel2007",positive,negative,HRPVXLWXLXDGHG-UHFFFAOYSA-N,C=CC(=O)N
8015-12-1,DTXSID7021071,Norlestrin,MC,"LCDB, Rudel2007",negative,-,GEONECATAKDDLT-JDSZYESASA-N,CC(=O)O[C@]1(CC[C@@H]2[C@@]1(CC[C@H]3[C@H]2CCC4=CC(=O)CC[C@H]34)C)C#C.C[C@]12CC[C@H]3[C@H]([C@@H]1CC[C@]2(C#C)O)CCC4=C3C=CC(=C4)O
82097-50-5,DTXSID0024345,Triasulfuron,MC,ToxRefDB,-,-,XOPFESVZMSQIKC-UHFFFAOYSA-N,CC1=NC(=NC(=N1)OC)NC(=O)NS(=O)(=O)C2=CC=CC=C2OCCCl
82617-23-0,DTXSID801002821,Oxiran-2-yl hydrogen carbonimidate,MC,"CCRIS, Rudel2007",positive,-,PSNIYGKWARCUAN-UHFFFAOYSA-N,C1C(O1)OC(=O)N
83349-67-1,-,"Anti-1,2,3,10b-tetrahydrofluoranthene-2,3-diol 1,10b-oxide",MC,"CCRIS, Rudel2007",positive,-,XFISQOLBVZLENT-SSHXOBKSSA-N,C1=CC=C2C(=C1)C3=C4[C@@]25[C@@H](O5)C(C(C4=CC=C3)O)O
834-12-8,DTXSID1023869,Ametryn,MC,"EPA_OPP_dismissed, ToxRefDB",positive,"E2, P4",RQVYBGPQFYCBGX-UHFFFAOYSA-N,CCNC1=NC(=NC(=N1)SC)NC(C)C
834-24-2,DTXSID001019381,4-aminostilbene,MC,"CCRIS, Rudel2007",positive,-,VFPLSXYJYAKZCT-VOTSOKGWSA-N,C1=CC=C(C=C1)/C=C/C2=CC=C(C=C2)N
838-88-0,DTXSID5020867,"4,4'-Methylenebis(o-toluidine)",MC,"IARC, LCDB, Rudel2007",positive,P4,WECDUOXQLAIPQW-UHFFFAOYSA-N,CC1=C(C=CC(=C1)CC2=CC(=C(C=C2)N)C)N
843-23-2,DTXSID001033709,trans-N-Hydroxy-4-acetylaminostilbene,MC,"CCRIS, Rudel2007",positive,-,RWXNJPBIVZZSQA-BQYQJAHWSA-N,CC(=O)N(C1=CC=C(C=C1)/C=C/C2=CC=CC=C2)O
869-01-2,DTXSID2020214,N-Butyl-N-nitrosourea,MC,"CCRIS, LCDB, Rudel2007",positive,-,LSWOCDLIYSKTRX-UHFFFAOYSA-N,CCCCN(C(=O)N)N=O
87625-62-5,DTXSID20892005,Ptaquiloside,MC,"CCRIS, Rudel2007",positive,-,GPHSJPVUEZFIDE-YVPLJZHISA-N,C[C@@H]1C[C@]2(C=C(C3(CC3)[C@@]([C@H]2C1=O)(C)O)C)O[C@H]4[C@@H]([C@H]([C@@H]([C@H](O4)CO)O)O)O
88-72-2,DTXSID4025791,2-Nitrotoluene,MC,"ROC15, NTP, ToxRefDB, CCRIS, LCDB, Rudel2007",positive,negative,PLAZTCDQAHEYBI-UHFFFAOYSA-N,CC1=CC=CC=C1[N+](=O)[O-]
88133-11-3,DTXSID7020132,Bemitradine,MC,"CCRIS, LCDB, Rudel2007",negative,-,OZSPQIXKOVJJGE-UHFFFAOYSA-N,CCOCCC1=C(N=C(N2C1=NC=N2)N)C3=CC=CC=C3
91-94-1,DTXSID6020432,"3,3'-Dichlorobenzidine",MC,"IARC, ROC15, EPA_IRIS, ToxValDB, CCRIS, LCDB, Rudel2007",positive,-,HUWXDEQWWKGHRV-UHFFFAOYSA-N,C1=CC(=C(C=C1C2=CC(=C(C=C2)N)Cl)Cl)N
92-67-1,DTXSID5020071,4-Biphenylamine,MC,"IARC, ROC15, CCRIS, Rudel2007",positive,-,DMVOXQPQNTYEKQ-UHFFFAOYSA-N,C1=CC=C(C=C1)C2=CC=C(C=C2)N
92-87-5,DTXSID2020137,C.I. Azoic Diazo Component 112,MC,"IARC, ROC15, LCDB, Rudel2007",positive,"E2, P4",HFACYLZERDEVSX-UHFFFAOYSA-N,C1=CC(=CC=C1C2=CC=C(C=C2)N)N
93-15-2,DTXSID5025607,Methyleugenol,MC,"ROC15, NTP, ToxRefDB, CCRIS, LCDB, Rudel2007",positive,E2,ZYEMGPIYFIJGTP-UHFFFAOYSA-N,COC1=C(C=C(C=C1)CC=C)OC
94125-34-5,DTXSID9034868,Prosulfuron,MC,ToxRefDB,-,-,LTUNNEGNEKBSEH-UHFFFAOYSA-N,CC1=NC(=NC(=N1)OC)NC(=O)NS(=O)(=O)C2=CC=CC=C2CCC(F)(F)F
95-06-7,DTXSID7021289,Sulfallate,MC,"IARC, ROC15, NTP, CCRIS, LCDB, Rudel2007",positive,-,XJCLWVXTCRQIDI-UHFFFAOYSA-N,CCN(CC)C(=S)SCC(=C)Cl
95-53-4,DTXSID1026164,2-Methylaniline,MC,"IARC, ROC15, Rudel2007",positive,negative,RNVCVTLRINQCPJ-UHFFFAOYSA-N,CC1=CC=CC=C1N
95-80-7,DTXSID4020402,"2,4-Diaminotoluene",MC,"NTP, ToxRefDB, CCRIS, LCDB, Rudel2007",positive,*P4,VOZKAJLKRJDJLL-UHFFFAOYSA-N,CC1=C(C=C(C=C1)N)N
96-09-3,DTXSID2021286,Styrene oxide,MC,IARC,positive,negative,AWMVMTVKBNGEAK-UHFFFAOYSA-N,C1C(O1)C2=CC=CC=C2
96-12-8,DTXSID3020413,"1,2-Dibromo-3-chloropropane",MC,"IARC, ROC15, NTP, ToxRefDB, CCRIS, LCDB, Rudel2007",positive,-,WBEJYOJJBDISQU-UHFFFAOYSA-N,C(C(CBr)Br)Cl
96-13-9,DTXSID7021817,"2,3-Dibromopropanol",MC,"IARC, ROC15, NTP, CCRIS, Rudel2007",positive,-,QWVCIORZLNBIIC-UHFFFAOYSA-N,C(C(CBr)Br)O
96-18-4,DTXSID9021390,"1,2,3-Trichloropropane",MC,"IARC, ROC15, NTP, ToxRefDB, CCRIS, LCDB, Rudel2007",positive,negative,CFXQEHVMCRXUSD-UHFFFAOYSA-N,C(C(CCl)Cl)Cl
96724-44-6,DTXSID5020609,1-Ethylnitroso-3-(2-hydroxyethyl)urea,MC,"CCRIS, LCDB, Rudel2007",-,-,RXXXJEQCRPLSOQ-UHFFFAOYSA-N,CCN(C(=O)NCCO)N=O
96724-45-7,DTXSID6020725,1-(2-Hydroxyethyl)-nitroso-3-ethylurea,MC,"CCRIS, LCDB, Rudel2007",-,-,WOEOEFXOZUBXMR-UHFFFAOYSA-N,CCNC(=O)N(CCO)N=O
97-54-1,DTXSID7022413,Isoeugenol,MC,"NTP_equivocal, ToxRefDB",positive,"E2, *P4",BJIOGJUNALELMI-ONEGZZNKSA-N,C/C=C/C1=CC(=C(C=C1)O)OC
97-56-3,DTXSID1020069,o-Aminoazotoluene,MC,"ROC15, Rudel2007",positive,"E2, P4",PFRYFZZSECNQOL-UHFFFAOYSA-N,CC1=CC=CC=C1N=NC2=CC(=C(C=C2)N)C
979-32-8,DTXSID8023004,Estradiol valerate,MC,"CCRIS, Rudel2007",-,-,RSEPBGGWRJCQGY-RBRWEJTLSA-N,CCCCC(=O)O[C@H]1CC[C@@H]2[C@@]1(CC[C@H]3[C@H]2CCC4=C3C=CC(=C4)O)C
98-95-3,DTXSID3020964,Nitrobenzene,MC,"ROC15, CCRIS, LCDB, Rudel2007",positive,negative,LQNUZADURLCDLV-UHFFFAOYSA-N,C1=CC=C(C=C1)[N+](=O)[O-]
99-59-2,DTXSID0020943,5-Nitro-o-anisidine,MC,"IARC, ToxRefDB, Rudel2007",positive,P4,NIPDVSLAMPAWTP-UHFFFAOYSA-N,COC1=C(C=C(C=C1)[N+](=O)[O-])N
NOCAS_24069,DTXSID9024069,"2,4-/2,6-Dinitrotoluene mixture",MC,EPA_IRIS,-,-,,
X,-,Ionizing radiation,MC,"IARC, Rudel2007",positive,-,,
