ID (for name),Name and abbreviation,CAS no.,EC / List no.,Health effects,Environmental effects,Status,Regulatory Field,Year,Appears on lists,Source list,List category,IsomericSMILES,InChIKey
358,"(±)-1,7,7-trimethyl-3-[(4-methylphenyl)methylene]bicyclo[2.2.1]heptan-2- (4-MBC)",36861-47-9,253-242-6,Yes,,List III National Authority evaluation,,2021,List I,List I,List I,CC1=CC=C(C=C1)C=C2C3CCC(C2=O)(C3(C)C)C,HEOCBCNFKCOKBX-UHFFFAOYSA-N
358,"(±)-1,7,7-trimethyl-3-[(4-methylphenyl)methylene]bicyclo[2.2.1]heptan-2- (4-MBC)",36861-47-9,253-242-6,Yes,,Health candidate list,REACH,2022,List I,List I,List I,CC1=CC=C(C=C1)C=C2C3CCC(C2=O)(C3(C)C)C,HEOCBCNFKCOKBX-UHFFFAOYSA-N
358,"(±)-1,7,7-trimethyl-3-[(4-methylphenyl)methylene]bicyclo[2.2.1]heptan-2- (4-MBC)",36861-47-9,253-242-6,Yes,,Commission EDC list,Cosmetics,2019,List I,List I,List I,CC1=CC=C(C=C1)C=C2C3CCC(C2=O)(C3(C)C)C,HEOCBCNFKCOKBX-UHFFFAOYSA-N
360,"(1R,3E,4S)-1,7,7-trimethyl-3-(4- methylbenzylidene)bicyclo[2.2.1]heptan-2-one (4-MBC)",95342-41-9,,Yes,,Health candidate list,REACH,2022,List I,List I,List I,CC1=CC=C(C=C1)/C=C/2\[C@H]3CC[C@@](C2=O)(C3(C)C)C,HEOCBCNFKCOKBX-RELGSGGGSA-N
364,"(1R,3Z,4S)-1,7,7-trimethyl-3-(4- methylbenzylidene)bicyclo[2.2.1]heptan-2-one (4-MBC)",852541-21-0,,Yes,,Health candidate list,REACH,2022,List I,List I,List I,CC1=CC=C(C=C1)/C=C\2/[C@H]3CC[C@@](C2=O)(C3(C)C)C,HEOCBCNFKCOKBX-LBONJMQPSA-N
362,"(1R,4S)-1,7,7-trimethyl-3-(4-methylbenzylidene)bicyclo[2.2.1]heptan-2-one (4-MBC)",741687-98-9,,Yes,,Health candidate list,REACH,2022,List I,List I,List I,CC1=CC=C(C=C1)C=C2[C@H]3CC[C@@](C2=O)(C3(C)C)C,HEOCBCNFKCOKBX-QAPCUYQASA-N
363,"(1S,3E,4R)-1,7,7-trimethyl-3-(4- methylbenzylidene)bicyclo[2.2.1]heptan-2-one (4-MBC)",852541-30-1,,Yes,,Health candidate list,REACH,2022,List I,List I,List I,CC1=CC=C(C=C1)/C=C/2\[C@@H]3CC[C@](C2=O)(C3(C)C)C,HEOCBCNFKCOKBX-OYEVUCPFSA-N
361,"(1S,3Z,4R)-1,7,7-trimethyl-3-(4-methylbenzylidene)bicyclo[2.2.1]heptan-2-one (4-MBC)",852541-25-4,,Yes,,Health candidate list,REACH,2022,List I,List I,List I,CC1=CC=C(C=C1)/C=C\2/[C@@H]3CC[C@](C2=O)(C3(C)C)C,HEOCBCNFKCOKBX-IRELMECMSA-N
359,"(3E)-1,7,7-trimethyl-3-(4-methylbenzylidene)bicyclo[2.2.1]heptan-2-one (4-MBC)",1782069-81-1,,Yes,,Health candidate list,REACH,2022,List I,List I,List I,CC1=CC=C(C=C1)/C=C/2\C3CCC(C2=O)(C3(C)C)C,HEOCBCNFKCOKBX-SDNWHVSQSA-N
142,"1,7,7-trimethyl-3-[(4-methylphenyl)methylene]bicyclo[2.2.1]heptan-2-one; 3-BC",15087-24-8,239-139-9,,Yes,Environmental candidate list,REACH,2019,List I,List I,List I,CC1(C2CCC1(C(=O)C2=CC3=CC=CC=C3)C)C,OIQXFRANQVWXJF-UHFFFAOYSA-N
346,"14-(nonylphenoxy)-3,6,9,12-tetraoxatetradecan-1-ol",26264-02-8,247-555-7,,Yes,Environmental candidate list,REACH,2013,List I,List I,List I,CCCCCCCCCC1=CC=CC=C1OCCOCCOCCOCCOCCO,HRQQEXIVBZHHOQ-UHFFFAOYSA-N
346,"14-(nonylphenoxy)-3,6,9,12-tetraoxatetradecan-1-ol",26264-02-8,247-555-7,,Yes,Environmental authorisation list,REACH,2017,List I,List I,List I,CCCCCCCCCC1=CC=CC=C1OCCOCCOCCOCCOCCO,HRQQEXIVBZHHOQ-UHFFFAOYSA-N
337,"17-(4-nonylphenoxy)-3,6,9,12,15-pentaoxaheptadecan-1-ol",34166-38-6,,,Yes,Environmental candidate list,REACH,2013,List I,List I,List I,CCCCCCCCCC1=CC=C(C=C1)OCCOCCOCCOCCOCCOCCO,CEWJCLBGTPZECP-UHFFFAOYSA-N
337,"17-(4-nonylphenoxy)-3,6,9,12,15-pentaoxaheptadecan-1-ol",34166-38-6,,,Yes,Environmental authorisation list,REACH,2017,List I,List I,List I,CCCCCCCCCC1=CC=C(C=C1)OCCOCCOCCOCCOCCOCCO,CEWJCLBGTPZECP-UHFFFAOYSA-N
336,2-(4-nonylphenoxy)ethanol,104-35-8,,,Yes,Environmental candidate list,REACH,2013,List I,List I,List I,CCCCCCCCCC1=CC=C(C=C1)OCCO,KUXGUCNZFCVULO-UHFFFAOYSA-N
336,2-(4-nonylphenoxy)ethanol,104-35-8,,,Yes,Environmental authorisation list,REACH,2017,List I,List I,List I,CCCCCCCCCC1=CC=C(C=C1)OCCO,KUXGUCNZFCVULO-UHFFFAOYSA-N
772,2-(isononylphenoxy)ethanol,85005-55-6,284-987-5,,Yes,Environmental authorisation list,REACH,2017,List I,List I,List I,CC(C)CCCCCCC1=CC=CC=C1OCCO,YWFWPJLGQZVOCG-UHFFFAOYSA-N
772,2-(isononylphenoxy)ethanol,85005-55-6,284-987-5,,Yes,Environmental candidate list,REACH,2013,List I,List I,List I,CC(C)CCCCCCC1=CC=CC=C1OCCO,YWFWPJLGQZVOCG-UHFFFAOYSA-N
763,2-(nonylphenoxy)ethanol,27986-36-3,248-762-5,,Yes,Environmental candidate list,REACH,2013,List I,List I,List I,CCCCCCCCCC1=CC=CC=C1OCCO,IEORSVTYLWZQJQ-UHFFFAOYSA-N
763,2-(nonylphenoxy)ethanol,27986-36-3,248-762-5,,Yes,Environmental authorisation list,REACH,2017,List I,List I,List I,CCCCCCCCCC1=CC=CC=C1OCCO,IEORSVTYLWZQJQ-UHFFFAOYSA-N
330,2-[2-(4-nonylphenoxy)ethoxy]ethanol,20427-84-3,243-816-4,,Yes,Environmental authorisation list,REACH,2017,List I,List I,List I,CCCCCCCCCC1=CC=C(C=C1)OCCOCCO,BLXVTZPGEOGTGG-UHFFFAOYSA-N
330,2-[2-(4-nonylphenoxy)ethoxy]ethanol,20427-84-3,243-816-4,,Yes,Environmental candidate list,REACH,2013,List I,List I,List I,CCCCCCCCCC1=CC=C(C=C1)OCCOCCO,BLXVTZPGEOGTGG-UHFFFAOYSA-N
757,2-[2-(nonylphenoxy)ethoxy]ethanol,27176-93-8,248-291-5,,Yes,Environmental authorisation list,REACH,2017,List I,List I,List I,CCCCCCCCCC1=CC=CC=C1OCCOCCO,RRLGETDMEIMLQU-UHFFFAOYSA-N
757,2-[2-(nonylphenoxy)ethoxy]ethanol,27176-93-8,248-291-5,,Yes,Environmental candidate list,REACH,2013,List I,List I,List I,CCCCCCCCCC1=CC=CC=C1OCCOCCO,RRLGETDMEIMLQU-UHFFFAOYSA-N
320,2-[2-[2-[2-(4-nonylphenoxy)ethoxy]ethoxy]ethoxy]ethanol,7311-27-5,230-770-5,,Yes,Environmental authorisation list,REACH,2017,List I,List I,List I,CCCCCCCCCC1=CC=C(C=C1)OCCOCCOCCOCCO,UTXPMECBRCEYCI-UHFFFAOYSA-N
320,2-[2-[2-[2-(4-nonylphenoxy)ethoxy]ethoxy]ethoxy]ethanol,7311-27-5,230-770-5,,Yes,Environmental candidate list,REACH,2013,List I,List I,List I,CCCCCCCCCC1=CC=C(C=C1)OCCOCCOCCOCCO,UTXPMECBRCEYCI-UHFFFAOYSA-N
278,"2-[4-(1,1,3,3-tetramethylbutyl)phenoxy]ethanol",2315-67-5,621-345-9,,Yes,Environmental candidate list,REACH,2012,List I,List I,List I,CC(C)(C)CC(C)(C)C1=CC=C(C=C1)OCCO,JYCQQPHGFMYQCF-UHFFFAOYSA-N
278,"2-[4-(1,1,3,3-tetramethylbutyl)phenoxy]ethanol",2315-67-5,621-345-9,,Yes,Environmental authorisation list,REACH,2017,List I,List I,List I,CC(C)(C)CC(C)(C)C1=CC=C(C=C1)OCCO,JYCQQPHGFMYQCF-UHFFFAOYSA-N
340,"2-[4-(3,6-dimethylheptan-3-yl)phenoxy]ethanol",1119449-37-4,687-832-3,,Yes,Environmental authorisation list,REACH,2017,List I,List I,List I,CCC(C)(CCC(C)C)C1=CC=C(C=C1)OCCO,QRFCMJANHDRHEH-UHFFFAOYSA-N
340,"2-[4-(3,6-dimethylheptan-3-yl)phenoxy]ethanol",1119449-37-4,687-832-3,,Yes,Health candidate list,REACH,2013,List I,List I,List I,CCC(C)(CCC(C)C)C1=CC=C(C=C1)OCCO,QRFCMJANHDRHEH-UHFFFAOYSA-N
279,"2-{2-[4-(2,4,4-trimethylpentan-2-yl)phenoxy]ethoxy}ethanol",2315-61-9,,,Yes,Environmental candidate list,REACH,2012,List I,List I,List I,CC(C)(C)CC(C)(C)C1=CC=C(C=C1)OCCOCCO,LBCZOTMMGHGTPH-UHFFFAOYSA-N
279,"2-{2-[4-(2,4,4-trimethylpentan-2-yl)phenoxy]ethoxy}ethanol",2315-61-9,,,Yes,Environmental authorisation list,REACH,2017,List I,List I,List I,CC(C)(C)CC(C)(C)C1=CC=C(C=C1)OCCOCCO,LBCZOTMMGHGTPH-UHFFFAOYSA-N
338,"2-{2-[4-(3,6-dimethylheptan-3-yl)phenoxy]ethoxy}ethanol",1119449-38-5,687-833-9,,Yes,Environmental authorisation list,REACH,2017,List I,List I,List I,CCC(C)(CCC(C)C)C1=CC=C(C=C1)OCCOCCO,MXEUZASFOXCTSR-UHFFFAOYSA-N
338,"2-{2-[4-(3,6-dimethylheptan-3-yl)phenoxy]ethoxy}ethanol",1119449-38-5,687-833-9,,Yes,Environmental candidate list,REACH,2013,List I,List I,List I,CCC(C)(CCC(C)C)C1=CC=C(C=C1)OCCOCCO,MXEUZASFOXCTSR-UHFFFAOYSA-N
260,"2,2-dibromo-2-cyanoacetamide (DBNPA)",10222-01-2,233-539-7,Yes,Yes,Legally adopted,BPR,2024,List I,List I,List I,C(#N)C(C(=O)N)(Br)Br,UUIVKBHZENILKB-UHFFFAOYSA-N
260,"2,2-dibromo-2-cyanoacetamide (DBNPA)",10222-01-2,233-539-7,Yes,Yes,Concluded ED in BPC opinion,BPR,2021,List I,List I,List I,C(#N)C(C(=O)N)(Br)Br,UUIVKBHZENILKB-UHFFFAOYSA-N
319,"20-(4-nonylphenoxy)-3,6,9,12,15,18-hexaoxaicosan-1-ol",27942-27-4,248-743-1,,Yes,Environmental authorisation list,REACH,2017,List I,List I,List I,CCCCCCCCCC1=CC=C(C=C1)OCCOCCOCCOCCOCCOCCOCCO,ATBQNLZREVOGBO-UHFFFAOYSA-N
319,"20-(4-nonylphenoxy)-3,6,9,12,15,18-hexaoxaicosan-1-ol",27942-27-4,248-743-1,,Yes,Environmental candidate list,REACH,2013,List I,List I,List I,CCCCCCCCCC1=CC=C(C=C1)OCCOCCOCCOCCOCCOCCOCCO,ATBQNLZREVOGBO-UHFFFAOYSA-N
766,"20-(isononylphenoxy)-3,6,9,12,15,18-hexaoxaicosan-1-ol",,,,Yes,Environmental candidate list,REACH,2013,List I,List I,List I,CC(C)CCCCCCC1=CC=CC=C1OCCOCCOCCOCCOCCOCCOCCO,GNZROVOUESKWSK-UHFFFAOYSA-N
766,"20-(isononylphenoxy)-3,6,9,12,15,18-hexaoxaicosan-1-ol",,,,Yes,Environmental authorisation list,REACH,2017,List I,List I,List I,CC(C)CCCCCCC1=CC=CC=C1OCCOCCOCCOCCOCCOCCOCCO,GNZROVOUESKWSK-UHFFFAOYSA-N
787,"20-(nonylphenoxy)-3,6,9,12,15,18-hexaoxaicosan-1-ol",27177-03-3,248-292-0,,Yes,Environmental authorisation list,REACH,2017,List I,List I,List I,CCCCCCCCCC1=CC=CC=C1OCCOCCOCCOCCOCCOCCOCCO,HPBDNFXBBNDIIU-UHFFFAOYSA-N
787,"20-(nonylphenoxy)-3,6,9,12,15,18-hexaoxaicosan-1-ol",27177-03-3,248-292-0,,Yes,Environmental candidate list,REACH,2013,List I,List I,List I,CCCCCCCCCC1=CC=CC=C1OCCOCCOCCOCCOCCOCCOCCO,HPBDNFXBBNDIIU-UHFFFAOYSA-N
276,"20-[4-(1,1,3,3-tetramethylbutyl)phenoxy]-3,6,9,12,15,18-hexaoxaicosan-1-ol",2497-59-8,219-682-8,,Yes,Environmental authorisation list,REACH,2017,List I,List I,List I,CC(C)(C)CC(C)(C)C1=CC=C(C=C1)OCCOCCOCCOCCOCCOCCOCCO,HNLXNOZHXNSSPN-UHFFFAOYSA-N
276,"20-[4-(1,1,3,3-tetramethylbutyl)phenoxy]-3,6,9,12,15,18-hexaoxaicosan-1-ol",2497-59-8,219-682-8,,Yes,Environmental candidate list,REACH,2012,List I,List I,List I,CC(C)(C)CC(C)(C)C1=CC=C(C=C1)OCCOCCOCCOCCOCCOCCOCCO,HNLXNOZHXNSSPN-UHFFFAOYSA-N
344,"23-(nonylphenoxy)-3,6,9,12,15,18,21-heptaoxatricosan-1-ol",27177-05-5,248-293-6,,Yes,Environmental authorisation list,REACH,2017,List I,List I,List I,CCCCCCCCCC1=CC=C(C=C1)OCCOCCOCCOCCOCCOCCOCCOCCO,XXPRRHYTDCWGRP-UHFFFAOYSA-N
344,"23-(nonylphenoxy)-3,6,9,12,15,18,21-heptaoxatricosan-1-ol",27177-05-5,248-293-6,,Yes,Environmental candidate list,REACH,2013,List I,List I,List I,CCCCCCCCCC1=CC=C(C=C1)OCCOCCOCCOCCOCCOCCOCCOCCO,XXPRRHYTDCWGRP-UHFFFAOYSA-N
326,"26-(4-Nonylphenoxy)-3,6,9,12,15,18,21,24- octaoxahexacosan -1-ol",14409-72-4,604-395-6,,Yes,Environmental authorisation list,REACH,2017,List I,List I,List I,CCCCCCCCCC1=CC=C(C=C1)OCCOCCOCCOCCOCCOCCOCCOCCOCCO,FBWNMEQMRUMQSO-UHFFFAOYSA-N
326,"26-(4-Nonylphenoxy)-3,6,9,12,15,18,21,24- octaoxahexacosan -1-ol",14409-72-4,604-395-6,,Yes,Environmental candidate list,REACH,2013,List I,List I,List I,CCCCCCCCCC1=CC=C(C=C1)OCCOCCOCCOCCOCCOCCOCCOCCOCCO,FBWNMEQMRUMQSO-UHFFFAOYSA-N
345,"26-(nonylphenoxy)-3,6,9,12,15,18,21,24-octaoxahexacosan-1-ol",26571-11-9,247-816-5,,Yes,Environmental authorisation list,REACH,2017,List I,List I,List I,CCCCCCCCCC1=CC=C(C=C1)OCCOCCOCCOCCOCCOCCOCCOCCOCCO,FBWNMEQMRUMQSO-UHFFFAOYSA-N
345,"26-(nonylphenoxy)-3,6,9,12,15,18,21,24-octaoxahexacosan-1-ol",26571-11-9,247-816-5,,Yes,Environmental candidate list,REACH,2013,List I,List I,List I,CCCCCCCCCC1=CC=C(C=C1)OCCOCCOCCOCCOCCOCCOCCOCCOCCO,FBWNMEQMRUMQSO-UHFFFAOYSA-N
784,"29-(nonylphenoxy)-3,6,9,12,15,18,21,24,27-nonaoxanonacosanol",27177-08-8,248-294-1,,Yes,Environmental authorisation list,REACH,2017,List I,List I,List I,CCCCCCCCCC1=CC(=CC=C1)OCCCOCCOCCOCCOCCOCCOCCOCCOCCOCO,BSZNKPSUDHKEJN-UHFFFAOYSA-N
784,"29-(nonylphenoxy)-3,6,9,12,15,18,21,24,27-nonaoxanonacosanol",27177-08-8,248-294-1,,Yes,Environmental candidate list,REACH,2013,List I,List I,List I,CCCCCCCCCC1=CC(=CC=C1)OCCCOCCOCCOCCOCCOCCOCCOCCOCCOCO,BSZNKPSUDHKEJN-UHFFFAOYSA-N
332,"3,6,9,12-Tetraoxatetradecan-1-ol, 14-(4-nonylphenoxy)-",20636-48-0,,,Yes,Environmental authorisation list,REACH,2017,List I,List I,List I,CCCCCCCCCC1=CC=C(C=C1)OCCOCCOCCOCCOCCO,PITRRWWILGYENJ-UHFFFAOYSA-N
332,"3,6,9,12-Tetraoxatetradecan-1-ol, 14-(4-nonylphenoxy)-",20636-48-0,,,Yes,Environmental candidate list,REACH,2013,List I,List I,List I,CCCCCCCCCC1=CC=C(C=C1)OCCOCCOCCOCCOCCO,PITRRWWILGYENJ-UHFFFAOYSA-N
775,"3,6,9,12-Tetraoxatetradecan-1-ol, 14-(4-nonylphenoxy)-, branched",91648-64-5,293-926-1,,Yes,Environmental authorisation list,REACH,2017,List I,List I,List I,,
775,"3,6,9,12-Tetraoxatetradecan-1-ol, 14-(4-nonylphenoxy)-, branched",91648-64-5,293-926-1,,Yes,Environmental candidate list,REACH,2013,List I,List I,List I,,
781,"3,6,9,12,15-Pentaoxaheptadecan-1-ol, 17-(nonylphenoxy)-",27177-01-1,,,Yes,Environmental authorisation list,REACH,2017,List I,List I,List I,CCCCCCCCCC1=CC=CC=C1OCCOCCOCCOCCOCCOCCO,TWIMUEGVLWNOMO-UHFFFAOYSA-N
781,"3,6,9,12,15-Pentaoxaheptadecan-1-ol, 17-(nonylphenoxy)-",27177-01-1,,,Yes,Environmental candidate list,REACH,2013,List I,List I,List I,CCCCCCCCCC1=CC=CC=C1OCCOCCOCCOCCOCCOCCO,TWIMUEGVLWNOMO-UHFFFAOYSA-N
778,"3,6,9,12,15,18,21,24,27-Nonaoxanonacosan-1-ol, 29-(isononylphenoxy)-",65455-72-3,,,Yes,Environmental authorisation list,REACH,2017,List I,List I,List I,CCCCCCCCCC1=CC=CC=C1OCCOCCOCCOCCOCCOCCOCCOCCOCCOCCO,HYZLLJKTXYYLDT-UHFFFAOYSA-N
778,"3,6,9,12,15,18,21,24,27-Nonaoxanonacosan-1-ol, 29-(isononylphenoxy)-",65455-72-3,,,Yes,Environmental candidate list,REACH,2013,List I,List I,List I,CCCCCCCCCC1=CC=CC=C1OCCOCCOCCOCCOCCOCCOCCOCCOCCOCCO,HYZLLJKTXYYLDT-UHFFFAOYSA-N
307,4-(1-ethyl-1-methylhexyl)phenol,52427-13-1,257-907-1,,Yes,Environmental candidate list,REACH,2012,List I,List I,List I,CCCCCC(C)(CC)C1=CC=C(C=C1)O,QQKQQJZGUCFUPP-UHFFFAOYSA-N
311,"4-(1-Ethyl-1,3-dimethylpentyl)phenol",186825-36-5,635-389-1,,Yes,Environmental candidate list,REACH,2012,List I,List I,List I,CCC(C)CC(C)(CC)C1=CC=C(C=C1)O,RYIHVIPUIXFRNI-UHFFFAOYSA-N
310,"4-(1-Ethyl-1,4-dimethylpentyl)phenol",142731-63-3,635-391-2,,Yes,Environmental candidate list,REACH,2012,List I,List I,List I,CCC(C)(CCC(C)C)C1=CC=C(C=C1)O,BGLUSMSXKMBLFS-UHFFFAOYSA-N
140,"4-(1,1,3,3-tetramethylbutyl)phenol",140-66-9,205-426-2,,Yes,Environmental authorisation list,REACH,2017,List I,List I,List I,CC(C)(C)CC(C)(C)C1=CC=C(C=C1)O,ISAVYTVYFVQUDY-UHFFFAOYSA-N
140,"4-(1,1,3,3-tetramethylbutyl)phenol",140-66-9,205-426-2,,Yes,Environmental candidate list,REACH,2011,List I,List I,List I,CC(C)(C)CC(C)(C)C1=CC=C(C=C1)O,ISAVYTVYFVQUDY-UHFFFAOYSA-N
316,"4-(1,1,5-Trimethylhexyl)phenol",521947-27-3,,,Yes,Environmental candidate list,REACH,2012,List I,List I,List I,CC(C)CCCC(C)(C)C1=CC=C(C=C1)O,INFJVYKPPXZLJX-UHFFFAOYSA-N
288,4-(2-methylhexan-2-yl)phenol,30784-31-7,,,Yes,Environmental candidate list,REACH,2017,List I,List I,List I,CCCCC(C)(C)C1=CC=C(C=C1)O,MVUXIDLUKLKIEJ-UHFFFAOYSA-N
294,"4-(2,2-dimethylpentan-3-yl)phenol",861010-65-3,,,Yes,Environmental candidate list,REACH,2017,List I,List I,List I,CCC(C1=CC=C(C=C1)O)C(C)(C)C,LXHVMKFVGDOPQL-UHFFFAOYSA-N
304,"4-(2,3-dimethylpentan-2-yl)phenol",861011-60-1,854-135-2,,Yes,Environmental candidate list,REACH,2017,List I,List I,List I,CCC(C)C(C)(C)C1=CC=C(C=C1)O,RLWQHAIXLMFQPL-UHFFFAOYSA-N
285,"4-(2,3,3-trimethylbutan-2-yl)phenol",72861-06-4,,,Yes,Environmental candidate list,REACH,2017,List I,List I,List I,CC(C)(C)C(C)(C)C1=CC=C(C=C1)O,HPXKISLLCCBHDQ-UHFFFAOYSA-N
286,"4-(2,4-dimethylpentan-2-yl)phenol",33104-11-9,,,Yes,Environmental candidate list,REACH,2017,List I,List I,List I,CC(C)CC(C)(C)C1=CC=C(C=C1)O,WBHGOPKMYOLSCE-UHFFFAOYSA-N
291,"4-(2,4-dimethylpentan-3-yl)phenol",1824346-00-0,,,Yes,Environmental candidate list,REACH,2017,List I,List I,List I,CC(C)C(C1=CC=C(C=C1)O)C(C)C,OJSPJFXLZMMKFV-UHFFFAOYSA-N
315,4-(3-ethylheptan-2-yl)phenol,186825-39-8,635-696-0,,Yes,Environmental candidate list,REACH,2012,List I,List I,List I,CCCCC(CC)C(C)C1=CC=C(C=C1)O,GSSYEGRAMDNVJA-UHFFFAOYSA-N
287,4-(3-ethylpentan-3-yl)phenol,37872-24-5,,,Yes,Environmental candidate list,REACH,2017,List I,List I,List I,CCC(CC)(CC)C1=CC=C(C=C1)O,VTQOBBOXCXWMDE-UHFFFAOYSA-N
299,4-(3-ethylpentyl)phenol,911370-98-4,,,Yes,Environmental candidate list,REACH,2017,List I,List I,List I,CCC(CC)CCC1=CC=C(C=C1)O,AJSOQFSSIPJHMP-UHFFFAOYSA-N
290,4-(3-methylhexan-2-yl)phenol,854904-93-1,,,Yes,Environmental candidate list,REACH,2017,List I,List I,List I,CCCC(C)C(C)C1=CC=C(C=C1)O,CVEGGYAIBPXVDW-UHFFFAOYSA-N
303,4-(3-methylhexan-3-yl)phenol,30784-32-8,854-958-7,,Yes,Environmental candidate list,REACH,2017,List I,List I,List I,CCCC(C)(CC)C1=CC=C(C=C1)O,OJWSGKXEVFIBNL-UHFFFAOYSA-N
300,4-(3-methylhexyl)phenol,102570-52-5,,,Yes,Environmental candidate list,REACH,2017,List I,List I,List I,CCCC(C)CCC1=CC=C(C=C1)O,DYPMMJSBCKKOSC-UHFFFAOYSA-N
289,"4-(3,3-dimethylpentan-2-yl)phenol",911371-06-7,,,Yes,Environmental candidate list,REACH,2017,List I,List I,List I,CCC(C)(C)C(C)C1=CC=C(C=C1)O,BCVTXGBALHYMLR-UHFFFAOYSA-N
292,4-(4-methylhexan-2-yl)phenol,71945-81-8,,,Yes,Environmental candidate list,REACH,2017,List I,List I,List I,CCC(C)CC(C)C1=CC=C(C=C1)O,YDVBYFVSTBFQOX-UHFFFAOYSA-N
301,4-(4-methylhexyl)phenol,1139800-98-8,,,Yes,Environmental candidate list,REACH,2017,List I,List I,List I,CCC(C)CCCC1=CC=C(C=C1)O,APVQKANRVZTXCP-UHFFFAOYSA-N
305,"4-(4,4-dimethylpentan-2-yl)phenol",911371-07-8,,,Yes,Environmental candidate list,REACH,2017,List I,List I,List I,CC(CC(C)(C)C)C1=CC=C(C=C1)O,IBFRFTCWVRITCN-UHFFFAOYSA-N
293,4-(5-methylhexan-2-yl)phenol,857629-71-1,,,Yes,Environmental candidate list,REACH,2017,List I,List I,List I,CC(C)CCC(C)C1=CC=C(C=C1)O,DRBKPEIFCPZWCM-UHFFFAOYSA-N
295,4-(5-methylhexan-3-yl)phenol,854904-92-0,,,Yes,Environmental candidate list,REACH,2017,List I,List I,List I,CCC(CC(C)C)C1=CC=C(C=C1)O,OZNKUBQBPHWLTJ-UHFFFAOYSA-N
302,4-(5-methylhexyl)phenol,100532-36-3,,,Yes,Environmental candidate list,REACH,2017,List I,List I,List I,CC(C)CCCCC1=CC=C(C=C1)O,DZIFYSBFHMEXBI-UHFFFAOYSA-N
297,4-(heptan-2-yl)phenol,6863-24-7,,,Yes,Environmental candidate list,REACH,2017,List I,List I,List I,CCCCCC(C)C1=CC=C(C=C1)O,OXAMRILEWOFNPN-UHFFFAOYSA-N
296,4-(heptan-3-yl)phenol,6465-74-3,,,Yes,Environmental candidate list,REACH,2017,List I,List I,List I,CCCCC(CC)C1=CC=C(C=C1)O,VVMIIKFOWHZTCV-UHFFFAOYSA-N
298,4-(heptan-4-yl)phenol,6465-71-0,,,Yes,Environmental candidate list,REACH,2017,List I,List I,List I,CCCC(CCC)C1=CC=C(C=C1)O,RXSSFYKTUVCUKA-UHFFFAOYSA-N
281,4-heptylphenol,1987-50-4,217-862-0,,Yes,Environmental candidate list,REACH,2017,List I,List I,List I,CCCCCCCC1=CC=C(C=C1)O,KNDDEFBFJLKPFE-UHFFFAOYSA-N
351,4-isododecylphenol,27459-10-5,608-055-8,,Yes,Environmental candidate list,REACH,2021,List I,List I,List I,CC(C)CCCCCCCCCC1=CC=C(C=C1)O,IGDJYCYTMKFRMP-UHFFFAOYSA-N
351,4-isododecylphenol,27459-10-5,608-055-8,Yes,,Health candidate list,REACH,2021,List I,List I,List I,CC(C)CCCCCCCCCC1=CC=C(C=C1)O,IGDJYCYTMKFRMP-UHFFFAOYSA-N
343,"4-Nonylphenol, branched, ethoxylated",127087-87-0,932-098-4,,Yes,Environmental authorisation list,REACH,2017,List I,List I,List I,,
343,"4-Nonylphenol, branched, ethoxylated",127087-87-0,932-098-4,,Yes,Environmental candidate list,REACH,2013,List I,List I,List I,,
339,"4-Nonylphenol, branched, ethoxylated 1 - 2.5 moles ethoxylated",127087-87-0,500-315-8,,Yes,Environmental candidate list,REACH,2013,List I,List I,List I,,
339,"4-Nonylphenol, branched, ethoxylated 1 - 2.5 moles ethoxylated",127087-87-0,500-315-8,,Yes,Environmental authorisation list,REACH,2017,List I,List I,List I,,
328,"4-Nonylphenol, ethoxylated 1 - 2.5 moles ethoxylated",26027-38-3,500-045-0,,Yes,Environmental authorisation list,REACH,2017,List I,List I,List I,,
328,"4-Nonylphenol, ethoxylated 1 - 2.5 moles ethoxylated",26027-38-3,500-045-0,,Yes,Environmental candidate list,REACH,2013,List I,List I,List I,,
342,4-t-Nonylphenol-diethoxylate,156609-10-8,,,Yes,Environmental authorisation list,REACH,2017,List I,List I,List I,CCCCCCC(C)(C)C1=CC=C(C=C1)OCCOCCO,QBJGHRMRNHNIKU-UHFFFAOYSA-N
342,4-t-Nonylphenol-diethoxylate,156609-10-8,,,Yes,Environmental candidate list,REACH,2013,List I,List I,List I,CCCCCCC(C)(C)C1=CC=C(C=C1)OCCOCCO,QBJGHRMRNHNIKU-UHFFFAOYSA-N
160,4-tert-butylphenol,98-54-4,202-679-0,,Yes,Environmental candidate list,REACH,2019,List I,List I,List I,CC(C)(C)C1=CC=C(C=C1)O,QHPQWRBYOIRBIT-UHFFFAOYSA-N
160,4-tert-butylphenol,98-54-4,202-679-0,,Yes,Corap List,REACH,2014,List I,List I,List I,CC(C)(C)C1=CC=C(C=C1)O,QHPQWRBYOIRBIT-UHFFFAOYSA-N
348,"4,4'-(1-methylpropylidene)bisphenol: Bisphenol B",77-40-7,201-025-1,,Yes,Environmental candidate list,REACH,2021,List I,List I,List I,CCC(C)(C1=CC=C(C=C1)O)C2=CC=C(C=C2)O,HTVITOHKHWFJKO-UHFFFAOYSA-N
348,"4,4'-(1-methylpropylidene)bisphenol: Bisphenol B",77-40-7,201-025-1,Yes,,Health candidate list,REACH,2021,List I,List I,List I,CCC(C)(C1=CC=C(C=C1)O)C2=CC=C(C=C2)O,HTVITOHKHWFJKO-UHFFFAOYSA-N
128,"4,4'-isopropylidenediphenol; Bisphenol A",80-05-7,201-245-8,,Yes,Environmental candidate list,REACH,2018,List I,List I,List I,CC(C)(C1=CC=C(C=C1)O)C2=CC=C(C=C2)O,IISBACLAFKSPIT-UHFFFAOYSA-N
128,"4,4'-isopropylidenediphenol; Bisphenol A",80-05-7,201-245-8,Yes,,Health candidate list,REACH,2017,List I,List I,List I,CC(C)(C1=CC=C(C=C1)O)C2=CC=C(C=C2)O,IISBACLAFKSPIT-UHFFFAOYSA-N
379,"4,4'-sulphonyldiphenol, Bisphenol S (BPS)",80-09-1,201-250-5,Yes,Yes,Concluded ED in SEV,REACH,2023,List I,List I,List I,C1=CC(=CC=C1O)S(=O)(=O)C2=CC=C(C=C2)O,VPWNQTHUCYMVMZ-UHFFFAOYSA-N
379,"4,4'-sulphonyldiphenol, Bisphenol S (BPS)",80-09-1,201-250-5,,Yes,Environmental candidate list,REACH,2023,List I,List I,List I,C1=CC(=CC=C1O)S(=O)(=O)C2=CC=C(C=C2)O,VPWNQTHUCYMVMZ-UHFFFAOYSA-N
379,"4,4'-sulphonyldiphenol, Bisphenol S (BPS)",80-09-1,201-250-5,Yes,,Health candidate list,REACH,2023,List I,List I,List I,C1=CC(=CC=C1O)S(=O)(=O)C2=CC=C(C=C2)O,VPWNQTHUCYMVMZ-UHFFFAOYSA-N
379,"4,4'-sulphonyldiphenol, Bisphenol S (BPS)",80-09-1,201-250-5,Yes,Yes,Corap List,REACH,2014,List I,List I,List I,C1=CC(=CC=C1O)S(=O)(=O)C2=CC=C(C=C2)O,VPWNQTHUCYMVMZ-UHFFFAOYSA-N
769,"44-(nonylphenoxy)-3,6,9,12,15,18,21,24,27,30,33,36,39,42-tetradecaoxatetratetracontanol",57321-10-5,260-678-0,,Yes,Environmental authorisation list,REACH,2017,List I,List I,List I,CCCCCCCCCC1=CC=CC=C1OCCOCCOCCOCCOCCOCCOCCOCCOCCOCCOCCOCCOCCOCCOCCO,AIVWIYIHAXBGHP-UHFFFAOYSA-N
769,"44-(nonylphenoxy)-3,6,9,12,15,18,21,24,27,30,33,36,39,42-tetradecaoxatetratetracontanol",57321-10-5,260-678-0,,Yes,Environmental candidate list,REACH,2013,List I,List I,List I,CCCCCCCCCC1=CC=CC=C1OCCOCCOCCOCCOCCOCCOCCOCCOCCOCCOCCOCCOCCOCCOCCO,AIVWIYIHAXBGHP-UHFFFAOYSA-N
365,Asulam,3337-71-1,222-077-1,No,Yes,Legally adopted,PPPR,2024,List I,List I,List I,COC(=O)NS(=O)(=O)C1=CC=C(C=C1)N,VGPYEHKOIGNJKV-UHFFFAOYSA-N
365,Asulam,3337-71-1,222-077-1,Yes,Yes,Concluded ED in EFSA opinion,PPPR,2021,List I,List I,List I,COC(=O)NS(=O)(=O)C1=CC=C(C=C1)N,VGPYEHKOIGNJKV-UHFFFAOYSA-N
366,Benthiavalicarb,413615-35-7,609-913-4,Yes,,Legally adopted,PPPR,2024,List I,List I,List I,C[C@H](C1=NC2=C(S1)C=C(C=C2)F)NC(=O)[C@H](C(C)C)NC(=O)O,VVSLYIKSEBPRSN-PELKAZGASA-N
366,Benthiavalicarb,413615-35-7,609-913-4,Yes,,Concluded ED in EFSA opinion,PPPR,2021,List I,List I,List I,C[C@H](C1=NC2=C(S1)C=C(C=C2)F)NC(=O)[C@H](C(C)C)NC(=O)O,VVSLYIKSEBPRSN-PELKAZGASA-N
132,Benzyl butyl phthalate (BBP),85-68-7,201-622-7,Yes,,Health authorisation list,REACH,2021,List I,List I,List I,CCCCOC(=O)C1=CC=CC=C1C(=O)OCC2=CC=CC=C2,IRIAEXORFWYRCZ-UHFFFAOYSA-N
132,Benzyl butyl phthalate (BBP),85-68-7,201-622-7,Yes,,Health candidate list,REACH,2017,List I,List I,List I,CCCCOC(=O)C1=CC=CC=C1C(=O)OCC2=CC=CC=C2,IRIAEXORFWYRCZ-UHFFFAOYSA-N
133,Bis(2-ethylhexyl) phthalate (DEHP),117-81-7,204-211-0,,Yes,Environmental candidate list,REACH,2017,List I,List I,List I,CCCCC(CC)COC(=O)C1=CC=CC=C1C(=O)OCC(CC)CCCC,BJQHLKABXJIVAM-UHFFFAOYSA-N
133,Bis(2-ethylhexyl) phthalate (DEHP),117-81-7,204-211-0,Yes,,Health candidate list,REACH,2014,List I,List I,List I,CCCCC(CC)COC(=O)C1=CC=CC=C1C(=O)OCC(CC)CCCC,BJQHLKABXJIVAM-UHFFFAOYSA-N
133,Bis(2-ethylhexyl) phthalate (DEHP),117-81-7,204-211-0,,Yes,Environmental authorisation list,REACH,2021,List I,List I,List I,CCCCC(CC)COC(=O)C1=CC=CC=C1C(=O)OCC(CC)CCCC,BJQHLKABXJIVAM-UHFFFAOYSA-N
133,Bis(2-ethylhexyl) phthalate (DEHP),117-81-7,204-211-0,Yes,,Health authorisation list,REACH,2021,List I,List I,List I,CCCCC(CC)COC(=O)C1=CC=CC=C1C(=O)OCC(CC)CCCC,BJQHLKABXJIVAM-UHFFFAOYSA-N
144,Butyl 4-hydroxybenzoate; Butylparaben,94-26-8,202-318-7,Yes,,Commission EDC list,Cosmetics,2019,List I,List I,List I,CCCCOC(=O)C1=CC=C(C=C1)O,QFOHBWFCKVYLES-UHFFFAOYSA-N
144,Butyl 4-hydroxybenzoate; Butylparaben,94-26-8,202-318-7,Yes,,Health candidate list,REACH,2020,List I,List I,List I,CCCCOC(=O)C1=CC=C(C=C1)O,QFOHBWFCKVYLES-UHFFFAOYSA-N
144,Butyl 4-hydroxybenzoate; Butylparaben,94-26-8,202-318-7,Yes,,List III National Authority evaluation,,2020,List I,List I,List I,CCCCOC(=O)C1=CC=C(C=C1)O,QFOHBWFCKVYLES-UHFFFAOYSA-N
259,Cholecalciferol,67-97-0,200-673-2,Yes,Yes,Legally adopted,BPR,2024,List I,List I,List I,C[C@H](CCCC(C)C)[C@H]1CC[C@@H]\2[C@@]1(CCC/C2=C\C=C/3\C[C@H](CCC3=C)O)C,QYSXJUFSXHHAJI-YRZJJWOYSA-N
259,Cholecalciferol,67-97-0,200-673-2,Yes,Yes,Concluded ED in BPC opinion,BPR,2024,List I,List I,List I,C[C@H](CCCC(C)C)[C@H]1CC[C@@H]\2[C@@]1(CCC/C2=C\C=C/3\C[C@H](CCC3=C)O)C,QYSXJUFSXHHAJI-YRZJJWOYSA-N
367,Clofentezine,74115-24-5,277-728-2,Yes,,Concluded ED in EFSA opinion,PPPR,2021,List I,List I,List I,C1=CC=C(C(=C1)C2=NN=C(N=N2)C3=CC=CC=C3Cl)Cl,UXADOQPNKNTIHB-UHFFFAOYSA-N
367,Clofentezine,74115-24-5,277-728-2,Yes,,Legally adopted,PPPR,2024,List I,List I,List I,C1=CC=C(C(=C1)C2=NN=C(N=N2)C3=CC=CC=C3Cl)Cl,UXADOQPNKNTIHB-UHFFFAOYSA-N
357,Cyanamide,420-04-2,206-992-3,Yes,Yes,Concluded ED in BPC opinion,BPR,2021,List I,List I,List I,C(#N)N,XZMCDFZZKTWFGF-UHFFFAOYSA-N
357,Cyanamide,420-04-2,206-992-3,Yes,Yes,Legally adopted,BPR,2024,List I,List I,List I,C(#N)N,XZMCDFZZKTWFGF-UHFFFAOYSA-N
134,Dibutyl phthalate (DBP),84-74-2,201-557-4,Yes,,Health authorisation list,REACH,2021,List I,List I,List I,CCCCOC(=O)C1=CC=CC=C1C(=O)OCCCC,DOIRQSBPFJWKBE-UHFFFAOYSA-N
134,Dibutyl phthalate (DBP),84-74-2,201-557-4,,Yes,Environmental candidate list,REACH,2023,List I,List I,List I,CCCCOC(=O)C1=CC=CC=C1C(=O)OCCCC,DOIRQSBPFJWKBE-UHFFFAOYSA-N
134,Dibutyl phthalate (DBP),84-74-2,201-557-4,Yes,,Health candidate list,REACH,2017,List I,List I,List I,CCCCOC(=O)C1=CC=CC=C1C(=O)OCCCC,DOIRQSBPFJWKBE-UHFFFAOYSA-N
141,Dicyclohexyl phthalate (DCHP),84-61-7,201-545-9,,Yes,Concluded ED in SEV,REACH,2023,"List I, List II",List I,List I,,
141,Dicyclohexyl phthalate (DCHP),84-61-7,201-545-9,Yes,,Health candidate list,REACH,2018,"List I, List II",List I,List I,,
141,Dicyclohexyl phthalate (DCHP),84-61-7,201-545-9,,Yes,Corap List,REACH,2017,"List I, List II",List I,List I,,
131,Diisobutyl phthalate (DIBP),84-69-5,201-553-2,Yes,,Health authorisation list,REACH,2021,List I,List I,List I,CC(C)COC(=O)C1=CC=CC=C1C(=O)OCC(C)C,MGWAVDBGNNKXQV-UHFFFAOYSA-N
131,Diisobutyl phthalate (DIBP),84-69-5,201-553-2,Yes,,Health candidate list,REACH,2017,List I,List I,List I,CC(C)COC(=O)C1=CC=CC=C1C(=O)OCC(C)C,MGWAVDBGNNKXQV-UHFFFAOYSA-N
380,Dimethomorph,110488-70-5,404-200-2,Yes,Yes,Legally adopted,PPPR,2024,List I,List I,List I,COC1=C(C=C(C=C1)C(=CC(=O)N2CCOCC2)C3=CC=C(C=C3)Cl)OC,QNBTYORWCCMPQP-UHFFFAOYSA-N
380,Dimethomorph,110488-70-5,404-200-2,Yes,Yes,Concluded ED in EFSA opinion,PPPR,2023,List I,List I,List I,COC1=C(C=C(C=C1)C(=CC(=O)N2CCOCC2)C3=CC=C(C=C3)Cl)OC,QNBTYORWCCMPQP-UHFFFAOYSA-N
715,Flufenacet,142459-58-3,604-290-5,Yes,Yes,Legally adopted,PPPR,2025,List I,List I,List I,CC(C)N(C1=CC=C(C=C1)F)C(=O)COC2=NN=C(S2)C(F)(F)F,IANUJLZYFUDJIH-UHFFFAOYSA-N
715,Flufenacet,142459-58-3,604-290-5,Yes,Yes,Concluded ED in EFSA opinion,PPPR,2024,List I,List I,List I,CC(C)N(C1=CC=C(C=C1)F)C(=O)COC2=NN=C(S2)C(F)(F)F,IANUJLZYFUDJIH-UHFFFAOYSA-N
275,"Formaldehyde, reaction products with branched and linear heptylphenol, carbon disulfide and hydrazine",93925-00-9,300-298-5,,Yes,Environmental authorisation list,REACH,2022,List I,List I,List I,,
275,"Formaldehyde, reaction products with branched and linear heptylphenol, carbon disulfide and hydrazine",93925-00-9,300-298-5,,Yes,Environmental candidate list,REACH,2018,List I,List I,List I,,
158,Isobutyl 4-hydroxybenzoate; Isobutylparaben,4247-02-3,224-208-8,Yes,,List III National Authority evaluation,,2020,List I,List I,List I,CC(C)COC(=O)C1=CC=C(C=C1)O,XPJVKCRENWUEJH-UHFFFAOYSA-N
158,Isobutyl 4-hydroxybenzoate; Isobutylparaben,4247-02-3,224-208-8,Yes,,Proposed for Candidate List,REACH,2022,List I,List I,List I,CC(C)COC(=O)C1=CC=C(C=C1)O,XPJVKCRENWUEJH-UHFFFAOYSA-N
158,Isobutyl 4-hydroxybenzoate; Isobutylparaben,4247-02-3,224-208-8,Yes,,Health candidate list,REACH,2023,List I,List I,List I,CC(C)COC(=O)C1=CC=C(C=C1)O,XPJVKCRENWUEJH-UHFFFAOYSA-N
318,Isononylphenol,11066-49-2,234-284-4,,Yes,Environmental candidate list,REACH,2012,List I,List I,List I,CC(C)CCCCCCC1=CC=CC=C1O,UZVAZDQMPUOHKP-UHFFFAOYSA-N
331,"Isononylphenol, ethoxylated",37205-87-1,609-346-2,,Yes,Environmental authorisation list,REACH,2017,List I,List I,List I,CCOC1=CC=C(C=C1)CCCCCCC(C)C,IRTXCPKNZUZNMH-UHFFFAOYSA-N
331,"Isononylphenol, ethoxylated",37205-87-1,609-346-2,,Yes,Environmental candidate list,REACH,2013,List I,List I,List I,CCOC1=CC=C(C=C1)CCCCCCC(C)C,IRTXCPKNZUZNMH-UHFFFAOYSA-N
349,Mancozeb,8018-01-7,,Yes,Yes,Legally adopted,PPPR,2021,List I,List I,List I,C(CNC(=S)[S-])NC(=S)[S-].C(CNC(=S)[S-])NC(=S)[S-].[Mn+2].[Zn+2],CHNQZRKUZPNOOH-UHFFFAOYSA-J
349,Mancozeb,8018-01-7,,Yes,Yes,Concluded ED in EFSA opinion,PPPR,2020,List I,List I,List I,C(CNC(=S)[S-])NC(=S)[S-].C(CNC(=S)[S-])NC(=S)[S-].[Mn+2].[Zn+2],CHNQZRKUZPNOOH-UHFFFAOYSA-J
722,Medetomidine,86347-14-0,811-718-6,Yes,,Legally adopted,BPR,2025,List I,List I,List I,CC1=C(C(=CC=C1)C(C)C2=CN=CN2)C,CUHVIMMYOGQXCV-UHFFFAOYSA-N
722,Medetomidine,86347-14-0,811-718-6,Yes,Yes,Concluded ED in BPC opinion,BPR,2024,List I,List I,List I,CC1=C(C(=CC=C1)C(C)C2=CN=CN2)C,CUHVIMMYOGQXCV-UHFFFAOYSA-N
384,Mepanipyrim,110235-47-7,432-140-7,Yes,Yes,Legally adopted,PPPR,2024,List I,List I,List I,CC#CC1=NC(=NC(=C1)C)NC2=CC=CC=C2,CIFWZNRJIBNXRE-UHFFFAOYSA-N
384,Mepanipyrim,110235-47-7,432-140-7,Yes,Yes,Concluded ED in EFSA opinion,PPPR,2023,List I,List I,List I,CC#CC1=NC(=NC(=C1)C)NC2=CC=CC=C2,CIFWZNRJIBNXRE-UHFFFAOYSA-N
381,Metiram,9006-42-2,618-430-8,Yes,,Legally adopted,PPPR,2024,List I,List I,List I,,
381,Metiram,9006-42-2,618-430-8,Yes,,Concluded ED in EFSA opinion,PPPR,2023,List I,List I,List I,,
383,Metribuzin,21087-64-9,244-209-7,Yes,,Legally adopted,PPPR,2024,List I,List I,List I,CC(C)(C)C1=NN=C(N(C1=O)N)SC,FOXFZRUHNHCZPX-UHFFFAOYSA-N
383,Metribuzin,21087-64-9,244-209-7,Yes,,Concluded ED in EFSA opinion,PPPR,2023,List I,List I,List I,CC(C)(C)C1=NN=C(N(C1=O)N)SC,FOXFZRUHNHCZPX-UHFFFAOYSA-N
317,Nonylphenol,25154-52-3,246-672-0,,Yes,Environmental candidate list,REACH,2012,List I,List I,List I,CCCCCCCCCC1=CC=CC=C1O,SNQQPOLDUKLAAF-UHFFFAOYSA-N
327,"Nonylphenol, branched, ethoxylated 1 - 2.5 moles ethoxylated",68412-54-4,500-209-1,,Yes,Corap List,REACH,2016,List I,List I,List I,,
327,"Nonylphenol, branched, ethoxylated 1 - 2.5 moles ethoxylated",68412-54-4,500-209-1,,Yes,Environmental authorisation list,REACH,2017,List I,List I,List I,,
327,"Nonylphenol, branched, ethoxylated 1 - 2.5 moles ethoxylated",68412-54-4,500-209-1,,Yes,Environmental candidate list,REACH,2013,List I,List I,List I,,
329,"Nonylphenol, ethoxylated",9016-45-9,500-024-6,,Yes,Environmental authorisation list,REACH,2017,List I,List I,List I,CCCCCCCCCC1=CC=C(C=C1)OCCOCCO,BLXVTZPGEOGTGG-UHFFFAOYSA-N
329,"Nonylphenol, ethoxylated",9016-45-9,500-024-6,,Yes,Environmental candidate list,REACH,2013,List I,List I,List I,CCCCCCCCCC1=CC=C(C=C1)OCCOCCO,BLXVTZPGEOGTGG-UHFFFAOYSA-N
323,"Nonylphenol, ethoxylated (10-EO)",9016-45-9,931-755-2,,Yes,Environmental authorisation list,REACH,2017,List I,List I,List I,CCCCCCCCCC1=CC=C(C=C1)OCCOCCO,BLXVTZPGEOGTGG-UHFFFAOYSA-N
323,"Nonylphenol, ethoxylated (10-EO)",9016-45-9,931-755-2,,Yes,Environmental candidate list,REACH,2013,List I,List I,List I,CCCCCCCCCC1=CC=C(C=C1)OCCOCCO,BLXVTZPGEOGTGG-UHFFFAOYSA-N
322,"Nonylphenol, ethoxylated (15-EO)",9016-45-9,931-756-8,,Yes,Environmental authorisation list,REACH,2017,List I,List I,List I,,
322,"Nonylphenol, ethoxylated (15-EO)",9016-45-9,931-756-8,,Yes,Environmental candidate list,REACH,2013,List I,List I,List I,,
325,"Nonylphenol, ethoxylated (6,5-EO)",9016-45-9,931-753-1,,Yes,Environmental authorisation list,REACH,2017,List I,List I,List I,CCCCCCCCCC1=CC=C(C=C1)OCCOCCO,BLXVTZPGEOGTGG-UHFFFAOYSA-N
325,"Nonylphenol, ethoxylated (6,5-EO)",9016-45-9,931-753-1,,Yes,Environmental candidate list,REACH,2013,List I,List I,List I,CCCCCCCCCC1=CC=C(C=C1)OCCOCCO,BLXVTZPGEOGTGG-UHFFFAOYSA-N
324,"Nonylphenol, ethoxylated (8-EO)",9016-45-9,931-754-7,,Yes,Environmental authorisation list,REACH,2017,List I,List I,List I,CCCCCCCCCC1=CC=C(C=C1)OCCOCCO,BLXVTZPGEOGTGG-UHFFFAOYSA-N
324,"Nonylphenol, ethoxylated (8-EO)",9016-45-9,931-754-7,,Yes,Environmental candidate list,REACH,2013,List I,List I,List I,CCCCCCCCCC1=CC=C(C=C1)OCCOCCO,BLXVTZPGEOGTGG-UHFFFAOYSA-N
335,"Nonylphenol, ethoxylated (EO = 10)",,939-993-9,,Yes,Environmental authorisation list,REACH,2017,List I,List I,List I,,
335,"Nonylphenol, ethoxylated (EO = 10)",,939-993-9,,Yes,Environmental candidate list,REACH,2013,List I,List I,List I,,
334,"Nonylphenol, ethoxylated (EO = 4)",,939-975-0,,Yes,Environmental authorisation list,REACH,2017,List I,List I,List I,,
334,"Nonylphenol, ethoxylated (EO = 4)",,939-975-0,,Yes,Environmental candidate list,REACH,2013,List I,List I,List I,,
333,"Nonylphenol, ethoxylated (polymer)",,938-618-6,,Yes,Environmental authorisation list,REACH,2017,List I,List I,List I,,
333,"Nonylphenol, ethoxylated (polymer)",,938-618-6,,Yes,Environmental candidate list,REACH,2013,List I,List I,List I,,
341,Nonylphenolpolyglycolether,,932-998-7,,Yes,Environmental authorisation list,REACH,2017,List I,List I,List I,,
341,Nonylphenolpolyglycolether,,932-998-7,,Yes,Environmental candidate list,REACH,2013,List I,List I,List I,,
309,p-(1-methyloctyl)phenol,17404-66-9,241-427-4,,Yes,Environmental candidate list,REACH,2012,List I,List I,List I,CCCCCCCC(C)C1=CC=C(C=C1)O,VFONHVBSRNKIAY-UHFFFAOYSA-N
306,"p-(1,1-dimethylheptyl)phenol",30784-30-6,250-339-5,,Yes,Environmental candidate list,REACH,2012,List I,List I,List I,CCCCCCC(C)(C)C1=CC=C(C=C1)O,IJWXCYSPVNCDMA-UHFFFAOYSA-N
137,"p-(1,1-dimethylpropyl)phenol",80-46-6,201-280-9,,Yes,Environmental candidate list,REACH,2017,List I,List I,List I,CCC(C)(C)C1=CC=C(C=C1)O,NRZWYNLTFLDQQX-UHFFFAOYSA-N
137,"p-(1,1-dimethylpropyl)phenol",80-46-6,201-280-9,,Yes,Corap List,REACH,2014,List I,List I,List I,CCC(C)(C)C1=CC=C(C=C1)O,NRZWYNLTFLDQQX-UHFFFAOYSA-N
313,p-isononylphenol,26543-97-5,247-770-6,,Yes,Environmental candidate list,REACH,2012,List I,List I,List I,CC(C)CCCCCCC1=CC=C(C=C1)O,JSFITYFUKSFPBZ-UHFFFAOYSA-N
308,p-nonylphenol,104-40-5,203-199-4,,Yes,Environmental candidate list,REACH,2012,List I,List I,List I,CCCCCCCCCC1=CC=C(C=C1)O,IGFHQQFPSIBGKE-UHFFFAOYSA-N
354,"Phenol, (tetrapropenyl) derivatives",74499-35-7,,,Yes,Environmental candidate list,REACH,2021,List I,List I,List I,,
354,"Phenol, (tetrapropenyl) derivatives",74499-35-7,,Yes,,Health candidate list,REACH,2021,List I,List I,List I,,
284,"Phenol, 4-(1-ethyl-1,2-dimethylpropyl)-",30784-27-1,,,Yes,Environmental candidate list,REACH,2017,List I,List I,List I,CCC(C)(C1=CC=C(C=C1)O)C(C)C,CMKMVAVWKWMNDA-UHFFFAOYSA-N
353,"Phenol, 4-dodecyl, branched",210555-94-5,,,Yes,Environmental candidate list,REACH,2021,List I,List I,List I,,
353,"Phenol, 4-dodecyl, branched",210555-94-5,,Yes,,Health candidate list,REACH,2021,List I,List I,List I,,
355,"Phenol, 4-isododecyl-",27147-75-7,,,Yes,Environmental candidate list,REACH,2021,List I,List I,List I,CC(C)CCCCCCCCCC1=CC=C(C=C1)O,IGDJYCYTMKFRMP-UHFFFAOYSA-N
355,"Phenol, 4-isododecyl-",27147-75-7,,Yes,,Health candidate list,REACH,2021,List I,List I,List I,CC(C)CCCCCCCCCC1=CC=C(C=C1)O,IGDJYCYTMKFRMP-UHFFFAOYSA-N
312,"Phenol, 4-nonyl-, branched",84852-15-3,284-325-5,,Yes,Environmental candidate list,REACH,2012,List I,List I,List I,,
270,"Phenol, 4-nonyl-, phosphite (3:1)",3050-88-2,608-492-4,,Yes,Environmental candidate list,REACH,2019,List I,List I,List I,CCCCCCCCCC1=CC=C(C=C1)OP(OC2=CC=C(C=C2)CCCCCCCCC)OC3=CC=C(C=C3)CCCCCCCCC,MGMXGCZJYUCMGY-UHFFFAOYSA-N
283,"Phenol, 4-tert-heptyl-",288864-02-8,,,Yes,Environmental candidate list,REACH,2017,List I,List I,List I,,
356,"Phenol, dodecyl-, branched",121158-58-5,310-154-3,Yes,Yes,Corap List,REACH,2021,List I,List I,List I,CCC(C)C(C)C(C)CCC1=CC=C(C=C1)O,AOOKHLGAVNECET-UHFFFAOYSA-N
356,"Phenol, dodecyl-, branched",121158-58-5,310-154-3,,Yes,Environmental candidate list,REACH,2021,List I,List I,List I,CCC(C)C(C)C(C)CCC1=CC=C(C=C1)O,AOOKHLGAVNECET-UHFFFAOYSA-N
356,"Phenol, dodecyl-, branched",121158-58-5,310-154-3,Yes,,Health candidate list,REACH,2021,List I,List I,List I,CCC(C)C(C)C(C)CCC1=CC=C(C=C1)O,AOOKHLGAVNECET-UHFFFAOYSA-N
282,"Phenol, heptyl derivs",72624-02-3,276-743-1,,Yes,Environmental candidate list,REACH,2017,List I,List I,List I,,
314,"Phenol, nonyl-, branched",90481-04-2,291-844-0,,Yes,Environmental candidate list,REACH,2012,List I,List I,List I,,
273,"Phenol, p-isononyl-, phosphite (3:1)",31631-13-7,,,Yes,Environmental candidate list,REACH,2019,List I,List I,List I,,
272,"Phenol, p-sec-nonyl-, phosphite",106599-06-8,,,Yes,Environmental candidate list,REACH,2019,List I,List I,List I,CCCCCCCC(C)C1=CC=C(C=C1)OP(O)O,HLSMAGIZKTVYHL-UHFFFAOYSA-N
352,"Phenol, tetrapropylene-",57427-55-1,,,Yes,Environmental candidate list,REACH,2021,List I,List I,List I,CCCC(C)C(CCC)C(C)CC1=CC=C(C=C1)O,OZZIOWVRWRTHQO-UHFFFAOYSA-N
352,"Phenol, tetrapropylene-",57427-55-1,,Yes,,Health candidate list,REACH,2021,List I,List I,List I,CCCC(C)C(CCC)C(C)CC1=CC=C(C=C1)O,OZZIOWVRWRTHQO-UHFFFAOYSA-N
370,"Poly (oxy-1,2-ethanediyl), alpha -(nonylphenyl)-omega-hydroxy-, branched",68412-54-4,932-337-2,,Yes,Environmental authorisation list,REACH,2017,List I,List I,List I,,
370,"Poly (oxy-1,2-ethanediyl), alpha -(nonylphenyl)-omega-hydroxy-, branched",68412-54-4,932-337-2,,Yes,Environmental candidate list,REACH,2013,List I,List I,List I,,
347,"Poly(oxy-1,2-ethanediyl), a-(nonylphenyl)-w-hydroxy-",9016-45-9,931-562-3,,Yes,Environmental authorisation list,REACH,2017,List I,List I,List I,CCCCCCCCCC1=CC=C(C=C1)OCCOCCO,BLXVTZPGEOGTGG-UHFFFAOYSA-N
347,"Poly(oxy-1,2-ethanediyl), a-(nonylphenyl)-w-hydroxy-",9016-45-9,931-562-3,,Yes,Environmental candidate list,REACH,2013,List I,List I,List I,CCCCCCCCCC1=CC=C(C=C1)OCCOCCO,BLXVTZPGEOGTGG-UHFFFAOYSA-N
760,"Poly(oxy-1,2-ethanediyl), α-(nonylphenyl)-ω-hydroxy-, branched",,932-688-1,,Yes,Environmental authorisation list,REACH,2017,List I,List I,List I,,
760,"Poly(oxy-1,2-ethanediyl), α-(nonylphenyl)-ω-hydroxy-, branched",,932-688-1,,Yes,Environmental candidate list,REACH,2013,List I,List I,List I,,
277,"Poly(oxy-1,2-ethanediyl), α-[(1,1,3,3-tetramethylbutyl)phenyl]-ω-hydroxy-",9036-19-5,,,Yes,Environmental authorisation list,REACH,2017,List I,List I,List I,,
277,"Poly(oxy-1,2-ethanediyl), α-[(1,1,3,3-tetramethylbutyl)phenyl]-ω-hydroxy-",9036-19-5,,,Yes,Environmental candidate list,REACH,2012,List I,List I,List I,,
280,"Polyethylene glycol p-(1,1,3,3-tetramethylbutyl)phenyl ether",9002-93-1,,,Yes,Environmental authorisation list,REACH,2017,List I,List I,List I,,
280,"Polyethylene glycol p-(1,1,3,3-tetramethylbutyl)phenyl ether",9002-93-1,,,Yes,Environmental candidate list,REACH,2012,List I,List I,List I,,
373,Propiconazole,60207-90-1,262-104-4,Yes,,Legally adopted,BPR,2024,List I,List I,List I,CCCC1COC(O1)(CN2C=NC=N2)C3=C(C=C(C=C3)Cl)Cl,STJLVHWMYQXCPB-UHFFFAOYSA-N
373,Propiconazole,60207-90-1,262-104-4,Yes,,Concluded ED in BPC opinion,BPR,2022,List I,List I,List I,CCCC1COC(O1)(CN2C=NC=N2)C3=C(C=C(C=C3)Cl)Cl,STJLVHWMYQXCPB-UHFFFAOYSA-N
274,"Reaction product of 1,3,4-thiadiazolidine-2,5-dithione, formaldehyde and phenol, heptyl derivs.",1471311-26-8,939-460-0,,Yes,Environmental authorisation list,REACH,2022,List I,List I,List I,,
274,"Reaction product of 1,3,4-thiadiazolidine-2,5-dithione, formaldehyde and phenol, heptyl derivs.",1471311-26-8,939-460-0,,Yes,Environmental candidate list,REACH,2018,List I,List I,List I,,
382,Triflusulfuron-methyl,126535-15-7,603-146-9,Yes,Yes,Concluded ED in EFSA opinion,PPPR,2022,List I,List I,List I,CC1=C(C(=CC=C1)C(=O)OC)S(=O)(=O)NC(=O)NC2=NC(=NC(=N2)OCC(F)(F)F)N(C)C,IMEVJVISCHQJRM-UHFFFAOYSA-N
382,Triflusulfuron-methyl,126535-15-7,603-146-9,Yes,Yes,Legally adopted,PPPR,2024,List I,List I,List I,CC1=C(C(=CC=C1)C(=O)OC)S(=O)(=O)NC(=O)NC2=NC(=NC(=N2)OCC(F)(F)F)N(C)C,IMEVJVISCHQJRM-UHFFFAOYSA-N
181,Triphenyl phosphate (TPP),115-86-6,204-112-2,Yes,Yes,Corap List,REACH,2017,List I,List I,List I,C1=CC=C(C=C1)OP(=O)(OC2=CC=CC=C2)OC3=CC=CC=C3,XZZNDPSIHUTMOC-UHFFFAOYSA-N
181,Triphenyl phosphate (TPP),115-86-6,204-112-2,Yes,,Commission EDC list,Cosmetics,2019,List I,List I,List I,C1=CC=C(C=C1)OP(=O)(OC2=CC=CC=C2)OC3=CC=CC=C3,XZZNDPSIHUTMOC-UHFFFAOYSA-N
181,Triphenyl phosphate (TPP),115-86-6,204-112-2,,Yes,Concluded ED in SEV,REACH,2023,List I,List I,List I,C1=CC=C(C=C1)OP(=O)(OC2=CC=CC=C2)OC3=CC=CC=C3,XZZNDPSIHUTMOC-UHFFFAOYSA-N
181,Triphenyl phosphate (TPP),115-86-6,204-112-2,,Yes,Environmental candidate list,REACH,2024,List I,List I,List I,C1=CC=C(C=C1)OP(=O)(OC2=CC=CC=C2)OC3=CC=CC=C3,XZZNDPSIHUTMOC-UHFFFAOYSA-N
271,"Tris (4-nonylphenol, branched) phosphite (TNPP)",,701-028-2,,Yes,Proposed for Candidate List,REACH,2024,List I,List I,List I,,
271,"Tris (4-nonylphenol, branched) phosphite (TNPP)",,701-028-2,,Yes,Environmental candidate list,REACH,2019,List I,List I,List I,,
271,"Tris (4-nonylphenol, branched) phosphite (TNPP)",,701-028-2,,Yes,List III National Authority evaluation,,2024,List I,List I,List I,,
269,Tris(nonylphenyl) phosphite,26523-78-4,247-759-6,,Yes,Environmental candidate list,REACH,2019,List I,List I,List I,CCCCCCCCCC1=CC=C(C=C1)OP(OC2=CC=C(C=C2)CCCCCCCCC)OC3=CC=C(C=C3)CCCCCCCCC,MGMXGCZJYUCMGY-UHFFFAOYSA-N
122,"6,6'-di-tert-butyl-4,4'-thiodi-m-cresol",96-69-5,202-525-2,Yes,,Corap List,REACH,2015,List II,List II,List II,CC1=CC(=C(C=C1SC2=CC(=C(C=C2C)O)C(C)(C)C)C(C)(C)C)O,HXIQYSLFEXIOAV-UHFFFAOYSA-N
141,Dicyclohexyl phthalate (DCHP),84-61-7,201-545-9,,Yes,Corap List,REACH,2017,"List I, List II",List II,List I,,
141,Dicyclohexyl phthalate (DCHP),84-61-7,201-545-9,Yes,,Health candidate list,REACH,2018,"List I, List II",List II,List I,,
141,Dicyclohexyl phthalate (DCHP),84-61-7,201-545-9,,Yes,Concluded ED in SEV,REACH,2023,"List I, List II",List II,List I,,
163,Oxybenzone (BP-3),131-57-7,205-031-5,Yes,Yes,Corap List,REACH,2014,"List II, List III",List II,List II,COC1=CC(=C(C=C1)C(=O)C2=CC=CC=C2)O,DXGLGDHPHMLXJC-UHFFFAOYSA-N
163,Oxybenzone (BP-3),131-57-7,205-031-5,Yes,,Commission EDC list,Cosmetics,2019,"List II, List III",List II,List II,COC1=CC(=C(C=C1)C(=O)C2=CC=CC=C2)O,DXGLGDHPHMLXJC-UHFFFAOYSA-N
163,Oxybenzone (BP-3),131-57-7,205-031-5,Yes,Yes,List III National Authority evaluation,,2025,"List II, List III",List II,List II,COC1=CC(=C(C=C1)C(=O)C2=CC=CC=C2)O,DXGLGDHPHMLXJC-UHFFFAOYSA-N
163,Oxybenzone (BP-3),131-57-7,205-031-5,Yes,Yes,Concluded ED in SEV,REACH,2025,"List II, List III",List II,List II,COC1=CC(=C(C=C1)C(=O)C2=CC=CC=C2)O,DXGLGDHPHMLXJC-UHFFFAOYSA-N
165,Propyl 4-hydroxybenzoate; Propylparaben,94-13-3,202-307-7,Yes,Yes,Corap List,REACH,2015,"List II, List III",List II,List II,CCCOC(=O)C1=CC=C(C=C1)O,QELSKZZBTMNZEB-UHFFFAOYSA-N
165,Propyl 4-hydroxybenzoate; Propylparaben,94-13-3,202-307-7,Yes,Yes,List III National Authority evaluation,,"2022, 2023","List II, List III",List II,List II,CCCOC(=O)C1=CC=C(C=C1)O,QELSKZZBTMNZEB-UHFFFAOYSA-N
165,Propyl 4-hydroxybenzoate; Propylparaben,94-13-3,202-307-7,,Yes,Concluded ED in SEV,REACH,2023,"List II, List III",List II,List II,CCCOC(=O)C1=CC=C(C=C1)O,QELSKZZBTMNZEB-UHFFFAOYSA-N
165,Propyl 4-hydroxybenzoate; Propylparaben,94-13-3,202-307-7,Yes,,Commission EDC list,Cosmetics,2019,"List II, List III",List II,List II,CCCOC(=O)C1=CC=C(C=C1)O,QELSKZZBTMNZEB-UHFFFAOYSA-N
165,Propyl 4-hydroxybenzoate; Propylparaben,94-13-3,202-307-7,,Yes,Classification proposed,CLH,2024,"List II, List III",List II,List II,CCCOC(=O)C1=CC=C(C=C1)O,QELSKZZBTMNZEB-UHFFFAOYSA-N
166,Resorcinol,108-46-3,203-585-2,Yes,Yes,Corap List,REACH,2019,"List II, List III",List II,List II,C1=CC(=CC(=C1)O)O,GHMLBKRAJCXXBS-UHFFFAOYSA-N
166,Resorcinol,108-46-3,203-585-2,Yes,,Proposed for Candidate List,REACH,2020,"List II, List III",List II,List II,C1=CC(=CC(=C1)O)O,GHMLBKRAJCXXBS-UHFFFAOYSA-N
166,Resorcinol,108-46-3,203-585-2,Yes,,Classification proposed,CLH,2024,"List II, List III",List II,List II,C1=CC(=CC(=C1)O)O,GHMLBKRAJCXXBS-UHFFFAOYSA-N
166,Resorcinol,108-46-3,203-585-2,Yes,,Commission EDC list,Cosmetics,2019,"List II, List III",List II,List II,C1=CC(=CC(=C1)O)O,GHMLBKRAJCXXBS-UHFFFAOYSA-N
166,Resorcinol,108-46-3,203-585-2,Yes,,List III National Authority evaluation,,2025,"List II, List III",List II,List II,C1=CC(=CC(=C1)O)O,GHMLBKRAJCXXBS-UHFFFAOYSA-N
173,Benzophenone-1 (BP-1),131-56-6,205-029-4,Yes,,Commission EDC list,Cosmetics,2019,List II,List II,List II,C1=CC=C(C=C1)C(=O)C2=C(C=C(C=C2)O)O,ZXDDPOHVAMWLBH-UHFFFAOYSA-N
177,Methyl 4-hydroxybenzoate (Methylparaben),99-76-3,202-785-7,Yes,Yes,Corap List,REACH,2014,"List II, List III",List II,List II,COC(=O)C1=CC=C(C=C1)O,LXCFILQKKLGQFO-UHFFFAOYSA-N
177,Methyl 4-hydroxybenzoate (Methylparaben),99-76-3,202-785-7,Yes,,Commission EDC list,Cosmetics,2019,"List II, List III",List II,List II,COC(=O)C1=CC=C(C=C1)O,LXCFILQKKLGQFO-UHFFFAOYSA-N
177,Methyl 4-hydroxybenzoate (Methylparaben),99-76-3,202-785-7,Yes,Yes,List III National Authority evaluation,,2025,"List II, List III",List II,List II,COC(=O)C1=CC=C(C=C1)O,LXCFILQKKLGQFO-UHFFFAOYSA-N
178,Decamethylcyclopentasiloxane (D5),541-02-6,208-764-9,Yes,,Commission EDC list,Cosmetics,2019,List II,List II,List II,C[Si]1(O[Si](O[Si](O[Si](O[Si](O1)(C)C)(C)C)(C)C)(C)C)C,XMSXQFUHVRWGNA-UHFFFAOYSA-N
179,Cyclomethicone,"69430-24-6, 556-67-2, 541-02-6, 540-97-6","614-966-1, 209-136-7, 208-764-9, 208-762-8",Yes,,Commission EDC list,Cosmetics,2019,List II,List II,List II,,
182,Deltamethrin,52918-63-5,258-256-6,Yes,,Commission EDC list,Cosmetics,2019,List II,List II,List II,CC1([C@H]([C@H]1C(=O)O[C@H](C#N)C2=CC(=CC=C2)OC3=CC=CC=C3)C=C(Br)Br)C,OWZREIFADZCYQD-NSHGMRRFSA-N
185,"1,3-dihydro-4(or 5)-methyl-2H-benzimidazole-2-thione",53988-10-6,258-904-8,,Yes,Corap List,REACH,2018,List II,List II,List II,CC1=C2C(=CC=C1)NC(=S)N2,UDQCDDZBBZNIFA-UHFFFAOYSA-N
185,"1,3-dihydro-4(or 5)-methyl-2H-benzimidazole-2-thione",53988-10-6,258-904-8,,Yes,Concluded ED in SEV,REACH,2023,List II,List II,List II,CC1=C2C(=CC=C1)NC(=S)N2,UDQCDDZBBZNIFA-UHFFFAOYSA-N
186,"1,3-dihydro-4(or 5)-methyl-2H-benzimidazole-2-thione, zinc salt",61617-00-3,262-872-0,,Yes,Corap List,REACH,2018,List II,List II,List II,CC1=C2C(=CC=C1)NC(=N2)[S-].CC1=C2C(=CC=C1)NC(=N2)[S-].[Zn+2],GHPJYLIEFFVDGR-UHFFFAOYSA-L
186,"1,3-dihydro-4(or 5)-methyl-2H-benzimidazole-2-thione, zinc salt",61617-00-3,262-872-0,,Yes,Concluded ED in SEV,REACH,2023,List II,List II,List II,CC1=C2C(=CC=C1)NC(=N2)[S-].CC1=C2C(=CC=C1)NC(=N2)[S-].[Zn+2],GHPJYLIEFFVDGR-UHFFFAOYSA-L
187,"1-(5,6,7,8-tetrahydro-3,5,5,6,8,8-hexamethyl-2-naphthyl)ethan-1-one","21145-77-7, 1506-02-1","244-240-6, 216-133-4",,Yes,Corap List,REACH,2020,List II,List II,List II,CC1CC(C2=C(C1(C)C)C=C(C(=C2)C(=O)C)C)(C)C,DNRJTBAOUJJKDY-UHFFFAOYSA-N
191,"2,2,6,6-tetrabromo-4,4-isopropylidenediphenol",79-94-7,201-236-9,Yes,Yes,Corap List,REACH,2015,List II,List II,List II,CC(C)(C1=CC(=C(C(=C1)Br)O)Br)C2=CC(=C(C(=C2)Br)O)Br,VEORPZCZECFIRK-UHFFFAOYSA-N
192,"2,2′,6,6′-Tetra-tert-butyl-4,4′- methylenediphenol",118-82-1,204-279-1,Yes,,Corap List,REACH,2014,List II,List II,List II,CC(C)(C)C1=CC(=CC(=C1O)C(C)(C)C)CC2=CC(=C(C(=C2)C(C)(C)C)O)C(C)(C)C,MDWVSAYEQPLWMX-UHFFFAOYSA-N
193,"2,4-di-tert-butylphenol",96-76-4,202-532-0,Yes,Yes,Corap List,REACH,2017,List II,List II,List II,CC(C)(C)C1=CC(=C(C=C1)O)C(C)(C)C,ICKWICRCANNIBI-UHFFFAOYSA-N
194,"2,6-di-tert-butyl-p-cresol; butylated hydroxytoluene (BHT)",128-37-0,204-881-4,Yes,,Corap List,REACH,2016,List II,List II,List II,CC1=CC(=C(C(=C1)C(C)(C)C)O)C(C)(C)C,NLZUEZXRPGMBCV-UHFFFAOYSA-N
194,"2,6-di-tert-butyl-p-cresol; butylated hydroxytoluene (BHT)",128-37-0,204-881-4,Yes,,Commission EDC list,Cosmetics,2019,List II,List II,List II,CC1=CC(=C(C(=C1)C(C)(C)C)O)C(C)(C)C,NLZUEZXRPGMBCV-UHFFFAOYSA-N
196,2-[4-[2-[4-(2-hydroxyethoxy)phenyl]propan-2-yl]phenoxy]ethanol,32492-61-8,500-082-2,,Yes,Corap List,REACH,2027,List II,List II,List II,CC(C)(C1=CC=C(C=C1)OCCO)C2=CC=C(C=C2)OCCO,UUAGPGQUHZVJBQ-UHFFFAOYSA-N
201,"3,3,4,4,5,5,6,6,7,7,8,8,8-tridecafluorooctyl acrylate",17527-29-6,241-527-8,,Yes,Corap List,REACH,2016,List II,List II,List II,C=CC(=O)OCCC(C(C(C(C(C(F)(F)F)(F)F)(F)F)(F)F)(F)F)(F)F,VPKQPPJQTZJZDB-UHFFFAOYSA-N
202,"3,3,4,4,5,5,6,6,7,7,8,8,8-tridecafluorooctyl methacrylate",2144-53-8,218-407-9,,Yes,Corap List,REACH,2016,List II,List II,List II,CC(=C)C(=O)OCCC(C(C(C(C(C(F)(F)F)(F)F)(F)F)(F)F)(F)F)(F)F,CDXFIRXEAJABAZ-UHFFFAOYSA-N
204,3-methylpyrazole,1453-58-3,215-925-7,,Yes,Corap List,REACH,2018,List II,List II,List II,CC1=CC=NN1,XKVUYEYANWFIJX-UHFFFAOYSA-N
207,4-(4-isopropoxyphenylsulfonyl)phenol (D-8),95235-30-6,405-520-5,,Yes,Corap List,REACH,2027,List II,List II,List II,CC(C)OC1=CC=C(C=C1)S(=O)(=O)C2=CC=C(C=C2)O,ZTILAOCGFRDHBH-UHFFFAOYSA-N
211,"6,6'-di-tert-butyl-4,4'-butylidenedi-m-cresol",85-60-9,201-618-5,Yes,,Corap List,REACH,2019,List II,List II,List II,CCCC(C1=CC(=C(C=C1C)O)C(C)(C)C)C2=CC(=C(C=C2C)O)C(C)(C)C,PFANXOISJYKQRP-UHFFFAOYSA-N
214,Ammonium perchlorate,7790-98-9,232-235-1,Yes,Yes,Corap List,REACH,2015,List II,List II,List II,[NH4+].[O-]Cl(=O)(=O)=O,HHEFNVCDPLQQTP-UHFFFAOYSA-N
214,Ammonium perchlorate,7790-98-9,232-235-1,,Yes,Concluded ED in SEV,REACH,2016,List II,List II,List II,[NH4+].[O-]Cl(=O)(=O)=O,HHEFNVCDPLQQTP-UHFFFAOYSA-N
216,Benzotriazole,95-14-7,202-394-1,Yes,,Corap List,REACH,2016,List II,List II,List II,C1=CC2=NNN=C2C=C1,QRUDEWIWKLJBPS-UHFFFAOYSA-N
216,Benzotriazole,95-14-7,202-394-1,,Yes,Concluded ED in SEV,REACH,2024,List II,List II,List II,C1=CC2=NNN=C2C=C1,QRUDEWIWKLJBPS-UHFFFAOYSA-N
218,Bis(2-propylheptyl) phthalate,53306-54-0,258-469-4,,Yes,Corap List,REACH,2020,List II,List II,List II,CCCCCC(CCC)COC(=O)C1=CC=CC=C1C(=O)OCC(CCC)CCCCC,MTYUOIVEVPTXFX-UHFFFAOYSA-N
220,Butanone,78-93-3,201-159-0,Yes,,Corap List,REACH,2018,List II,List II,List II,CCC(=O)C,ZWEHNKRNPOVVGH-UHFFFAOYSA-N
226,dioctyltin oxide,870-08-6,212-791-1,Yes,Yes,Corap List,REACH,2024,List II,List II,List II,CCCCCCCC[Sn](=O)CCCCCCCC,LQRUPWUPINJLMU-UHFFFAOYSA-N
236,Sodium perchlorate,7601-89-0,231-511-9,Yes,Yes,Corap List,REACH,2015,List II,List II,List II,[O-]Cl(=O)(=O)=O.[Na+],BAZAXWOYCMUHIX-UHFFFAOYSA-M
236,Sodium perchlorate,7601-89-0,231-511-9,,Yes,Concluded ED in SEV,REACH,2016,List II,List II,List II,[O-]Cl(=O)(=O)=O.[Na+],BAZAXWOYCMUHIX-UHFFFAOYSA-M
240,"Phenol, styrenated (reaction mass of 2,4,6-tris(1-phenyl-ethyl)phenol and Bis(1-phenylethyl) phenol)",61788-44-1,262-975-0,Yes,Yes,Corap List,REACH,2014,List II,List II,List II,,
240,"Phenol, styrenated (reaction mass of 2,4,6-tris(1-phenyl-ethyl)phenol and Bis(1-phenylethyl) phenol)",61788-44-1,262-975-0,,Yes,Concluded ED in SEV,REACH,2023,List II,List II,List II,,
241,Isopentyl p-methoxycinnamate,71617-10-2,275-702-5,,Yes,Corap List,REACH,2016,List II,List II,List II,CC(C)CCOC(=O)C=CC1=CC=C(C=C1)OC,UBNYRXMKIIGMKK-UHFFFAOYSA-N
243,Triclosan,3380-34-5,222-182-2,Yes,,Corap List,REACH,2012,List II,List II,List II,C1=CC(=C(C=C1Cl)O)OC2=C(C=C(C=C2)Cl)Cl,XEFQLINVKFYRCS-UHFFFAOYSA-N
243,Triclosan,3380-34-5,222-182-2,Yes,,Commission EDC list,Cosmetics,2019,List II,List II,List II,C1=CC(=C(C=C1Cl)O)OC2=C(C=C(C=C2)Cl)Cl,XEFQLINVKFYRCS-UHFFFAOYSA-N
244,Ziram,137-30-4,205-288-3,Yes,Yes,Corap List,REACH,2012,List II,List II,List II,CN(C)C(=S)[S-].CN(C)C(=S)[S-].[Zn+2],DUBNHZYBDBBJHD-UHFFFAOYSA-L
246,"Esterification products of 1,3-dioxo-2-benzofuran-5-carboxylic acid with nonan-1-ol",,941-303-6,Yes,Yes,Corap List,REACH,2027,List II,List II,List II,,
249,Reaction products of phosphoryl trichloride and 2-methyloxirane (TCPP),1244733-77-4,807-935-0,Yes,Yes,Corap List,REACH,2022,"List II, List III",List II,List II,,
249,Reaction products of phosphoryl trichloride and 2-methyloxirane (TCPP),1244733-77-4,807-935-0,Yes,,Concluded ED in SEV,REACH,2023,"List II, List III",List II,List II,,
249,Reaction products of phosphoryl trichloride and 2-methyloxirane (TCPP),1244733-77-4,807-935-0,Yes,,List III National Authority evaluation,,2024,"List II, List III",List II,List II,,
249,Reaction products of phosphoryl trichloride and 2-methyloxirane (TCPP),1244733-77-4,807-935-0,Yes,,Classification proposed,CLH,2024,"List II, List III",List II,List II,,
250,Tris[2-chloro-1-(chloromethyl)ethyl] phosphate (TDCP),13674-87-8,237-159-2,Yes,,Classification proposed,CLH,2024,"List II, List III",List II,List II,C(C(CCl)OP(=O)(OC(CCl)CCl)OC(CCl)CCl)Cl,ASLWPAWFJZFCKF-UHFFFAOYSA-N
250,Tris[2-chloro-1-(chloromethyl)ethyl] phosphate (TDCP),13674-87-8,237-159-2,Yes,,List III National Authority evaluation,,2025,"List II, List III",List II,List II,C(C(CCl)OP(=O)(OC(CCl)CCl)OC(CCl)CCl)Cl,ASLWPAWFJZFCKF-UHFFFAOYSA-N
253,Diuron,330-54-1,206-354-4,Yes,Yes,Corap List,REACH,2014,List II,List II,List II,CN(C)C(=O)NC1=CC(=C(C=C1)Cl)Cl,XMTQQYYKAHVGBJ-UHFFFAOYSA-N
253,Diuron,330-54-1,206-354-4,,Yes,Concluded ED in SEV,REACH,2024,List II,List II,List II,CN(C)C(=O)NC1=CC(=C(C=C1)Cl)Cl,XMTQQYYKAHVGBJ-UHFFFAOYSA-N
254,"Phenol, methylstyrenated; Oligomerisation and alkylation reaction products of 2-phenylpropene and phenol",68512-30-1,"270-966-8, 700-960-7",,Yes,Corap List,REACH,2012,"List II, List III",List II,List II,,
254,"Phenol, methylstyrenated; Oligomerisation and alkylation reaction products of 2-phenylpropene and phenol",68512-30-1,"270-966-8, 700-960-7",,Yes,Concluded ED in SEV,REACH,2024,"List II, List III",List II,List II,,
254,"Phenol, methylstyrenated; Oligomerisation and alkylation reaction products of 2-phenylpropene and phenol",68512-30-1,"270-966-8, 700-960-7",,Yes,List III National Authority evaluation,,2025,"List II, List III",List II,List II,,
255,"Phenol, isopropylated, phosphate (3:1)",68937-41-7,273-066-3,Yes,Yes,Corap List,REACH,2020,List II,List II,List II,,
256,"reaction mass of 1-(1,2,3,4,5,6,7,8-octahydro-2,3,8,8-tetramethyl-2-naphthyl)ethan-1-one and 1-(1,2,3,4,6,7,8,8a-octahydro-2,3,8,8-tetramethyl-2-naphthyl)ethan-1-one and 1-(1,2,3,5,6,7,8,8a-octahydro-2,3,8,8-tetramethyl-2-naphthyl)ethan-1-one",-,915-730-3,Yes,Yes,Corap List,REACH,2017,List II,List II,List II,,
264,2-tert-butyl-4-methoxyphenol (BHA),"25013-16-5, 121-00-6","246-563-8, 204-442-7",Yes,Yes,Corap List,REACH,2015,"List II, List III",List II,List II,CC(C)(C)C1=C(C=CC(=C1)OC)O,MRBKEAMVRSLQPH-UHFFFAOYSA-N
264,2-tert-butyl-4-methoxyphenol (BHA),"25013-16-5, 121-00-6","246-563-8, 204-442-7",Yes,,Commission EDC list,Cosmetics,2019,"List II, List III",List II,List II,CC(C)(C)C1=C(C=CC(=C1)OC)O,MRBKEAMVRSLQPH-UHFFFAOYSA-N
264,2-tert-butyl-4-methoxyphenol (BHA),"25013-16-5, 121-00-6","246-563-8, 204-442-7",Yes,,List III National Authority evaluation,,2022,"List II, List III",List II,List II,CC(C)(C)C1=C(C=CC(=C1)OC)O,MRBKEAMVRSLQPH-UHFFFAOYSA-N
264,2-tert-butyl-4-methoxyphenol (BHA),"25013-16-5, 121-00-6","246-563-8, 204-442-7",Yes,Yes,Concluded ED in SEV,REACH,2024,"List II, List III",List II,List II,CC(C)(C)C1=C(C=CC(=C1)OC)O,MRBKEAMVRSLQPH-UHFFFAOYSA-N
264,2-tert-butyl-4-methoxyphenol (BHA),"25013-16-5, 121-00-6","246-563-8, 204-442-7",Yes,Yes,Classification proposed,CLH,2025,"List II, List III",List II,List II,CC(C)(C)C1=C(C=CC(=C1)OC)O,MRBKEAMVRSLQPH-UHFFFAOYSA-N
265,Butylphenyl methylpropianol,80-54-6,201-289-8,Yes,,Commission EDC list,Cosmetics,2019,List II,List II,List II,CC(CC1=CC=C(C=C1)C(C)(C)C)C=O,SDQFDHOLCGWZPU-UHFFFAOYSA-N
368,"1,3,4,6,7,8- hexahydro-4,6,6,7,8,8- hexamethylindeno[5 ,6-c]pyran (HHCB)",1222-05-5,214-946-9,Yes,Yes,Corap List,REACH,2022,List II,List II,List II,CC1COCC2=CC3=C(C=C12)C(C(C3(C)C)C)(C)C,ONKNPOPIGWHAQC-UHFFFAOYSA-N
371,Thiabendazole,148-79-8,205-725-8,Yes,,Concluded ED in EFSA opinion,PPPR,2022,List II,List II,List II,C1=CC=C2C(=C1)NC(=N2)C3=CSC=N3,WJCNZQLZVWNLKY-UHFFFAOYSA-N
374,Chlorobenzene,108-90-7,203-628-5,Yes,,Corap List,REACH,2023,List II,List II,List II,C1=CC=C(C=C1)Cl,MVPPADPHJFYWMZ-UHFFFAOYSA-N
375,"2-Propenoic acid, methyl ester, reaction products with mixed O,O-bis(branched and linear pentyl and iso-Bu) phosphorodithioates",93925-38-3,300-340-2,Yes,Yes,Corap List,REACH,2023,List II,List II,List II,,
377,Reaction mass of p-t-butylphenyldiphenyl phosphate and bis(p-t-butylphenyl) phenyl phosphate,,939-505-4,Yes,Yes,Corap List,REACH,2023,List II,List II,List II,,
378,"4,4'-isopropylidenedi-o-cresol",79-97-0,201-240-0,Yes,Yes,Corap List,REACH,2021,List II,List II,List II,CC1=C(C=CC(=C1)C(C)(C)C2=CC(=C(C=C2)O)C)O,YMTYZTXUZLQUSF-UHFFFAOYSA-N
385,Sodium Fluoride,7681-49-4,231-667-8,Yes,,Classification proposed,CLH,2024,List II,List II,List II,[F-].[Na+],PUZPDOWCWNUUKD-UHFFFAOYSA-M
386,3-aminopropyldiethylamine,104-78-9,203-236-4,Yes,Yes,Classification proposed,CLH,2024,List II,List II,List II,CCN(CC)CCCN,QOHMWDJIBGVPIF-UHFFFAOYSA-N
387,Thiophanate-methyl,23564-05-8,245-740-7,Yes,,Concluded ED in EFSA opinion,PPPR,2024,List II,List II,List II,COC(=O)NC(=S)NC1=CC=CC=C1NC(=S)NC(=O)OC,QGHREAKMXXNCOA-UHFFFAOYSA-N
388,"4,4'-isopropylidenedi-2,6-xylol (TMBPA)",5613-46-7,227-033-5,Yes,Yes,Corap List,REACH,2024,"List II, List III",List II,List II,CC1=CC(=CC(=C1O)C)C(C)(C)C2=CC(=C(C(=C2)C)O)C,ODJUOZPKKHIEOZ-UHFFFAOYSA-N
388,"4,4'-isopropylidenedi-2,6-xylol (TMBPA)",5613-46-7,227-033-5,Yes,Yes,Concluded ED in SEV,REACH,2025,"List II, List III",List II,List II,CC1=CC(=CC(=C1O)C)C(C)(C)C2=CC(=C(C(=C2)C)O)C,ODJUOZPKKHIEOZ-UHFFFAOYSA-N
388,"4,4'-isopropylidenedi-2,6-xylol (TMBPA)",5613-46-7,227-033-5,Yes,Yes,List III National Authority evaluation,,2025,"List II, List III",List II,List II,CC1=CC(=CC(=C1O)C)C(C)(C)C2=CC(=C(C(=C2)C)O)C,ODJUOZPKKHIEOZ-UHFFFAOYSA-N
388,"4,4'-isopropylidenedi-2,6-xylol (TMBPA)",5613-46-7,227-033-5,Yes,Yes,Classification proposed,CLH,2026,"List II, List III",List II,List II,CC1=CC(=CC(=C1O)C)C(C)(C)C2=CC(=C(C(=C2)C)O)C,ODJUOZPKKHIEOZ-UHFFFAOYSA-N
389,"4,4'-isopropylidenebis[2-allylphenol]",1745-89-7,217-121-1,Yes,Yes,Corap List,REACH,2024,List II,List II,List II,CC(C)(C1=CC(=C(C=C1)O)CC=C)C2=CC(=C(C=C2)O)CC=C,WOCGGVRGNIEDSZ-UHFFFAOYSA-N
389,"4,4'-isopropylidenebis[2-allylphenol]",1745-89-7,217-121-1,Yes,,Classification proposed,CLH,2026,List II,List II,List II,CC(C)(C1=CC(=C(C=C1)O)CC=C)C2=CC(=C(C=C2)O)CC=C,WOCGGVRGNIEDSZ-UHFFFAOYSA-N
390,"2,4,6-tribromophenol",118-79-6,204-278-6,Yes,Yes,Corap List,REACH,2024,List II,List II,List II,C1=C(C=C(C(=C1Br)O)Br)Br,BSWWXRFVMJHFBN-UHFFFAOYSA-N
391,"2,2'-[(1-methylethylidene)bis(4,1-phenyleneoxy)]bisethyl diacetate",19224-29-4,242-895-2,Yes,Yes,Corap List,REACH,2024,List II,List II,List II,CC(=O)OCCOC1=CC=C(C=C1)C(C)(C)C2=CC=C(C=C2)OCCOC(=O)C,HBDPNIKSHRQAJF-UHFFFAOYSA-N
392,"(1-methylethylidene)bis(4,1-phenyleneoxy-3,1-propanediyl) bismethacrylate",27689-12-9,248-607-1,Yes,Yes,Corap List,REACH,2024,List II,List II,List II,CC(=C)C(=O)OCCCOC1=CC=C(C=C1)C(C)(C)C2=CC=C(C=C2)OCCCOC(=O)C(=C)C,OPZLDVPRAIERSE-UHFFFAOYSA-N
393,Mono- and di-phthalate esters (...),,,Yes,Yes,Classification proposed,CLH,2024,List II,List II,List II,,
713,Fludioxonil,131341-86-1,603-476-3,Yes,Yes,Concluded ED in EFSA opinion,PPPR,2024,List II,List II,List II,C1=CC(=C2C(=C1)OC(O2)(F)F)C3=CNC=C3C#N,MUJOIMFVNIBMKC-UHFFFAOYSA-N
731,"1-isopropyl-2,2-dimethyltrimethylene diisobutyrate",6846-50-0,229-934-9,Yes,,Classification proposed,CLH,2024,List II,List II,List II,CC(C)C(C(C)(C)COC(=O)C(C)C)OC(=O)C(C)C,OMVSWZDEEGIJJI-UHFFFAOYSA-N
736,3-aminopropyldimethylamine,109-55-7,203-680-9,Yes,,Classification proposed,CLH,2024,List II,List II,List II,CN(C)CCCN,IUNMPGNGSSIWFP-UHFFFAOYSA-N
792,3-iodo-2-propynylbutylcarbamate (IPBC),55406-53-6,259-627-5,,Yes,Concluded ED in BPC opinion,BPR,2025,List II,List II,List II,CCCCNC(=O)OCC#CI,WYVVKGNFXHOCQV-UHFFFAOYSA-N
794,Cyprodinil,121552-61-2,601-785-8,Yes,Yes,Concluded ED in EFSA opinion,PPPR,2025,List II,List II,List II,CC1=CC(=NC(=N1)NC2=CC=CC=C2)C3CC3,HAORKNGNJCEJBX-UHFFFAOYSA-N
796,Fenoxaprop-P,113158-40-0,,Yes,,Concluded ED in EFSA opinion,PPPR,2024,List II,List II,List II,C[C@H](C(=O)O)OC1=CC=C(C=C1)OC2=NC3=C(O2)C=C(C=C3)Cl,MPPOHAUSNPTFAJ-SECBINFHSA-N
798,Buprofezin,953030-84-7,,Yes,,Concluded ED in EFSA opinion,PPPR,2025,List II,List II,List II,CC(C)N1C(=NC(C)(C)C)SCN(C1=O)C2=CC=CC=C2,PRLVTUNWOQKEAI-UHFFFAOYSA-N
800,Ethiprole,181587-01-9,,Yes,,Concluded ED in EFSA opinion,PPPR,2024,List II,List II,List II,CCS(=O)C1=C(N(N=C1C#N)C2=C(C=C(C=C2Cl)C(F)(F)F)Cl)N,FNELVJVBIYMIMC-UHFFFAOYSA-N
802,Tris(2-ethylhexyl) phosphate (TEHP),78-42-2,201-116-6,Yes,Yes,Corap List,REACH,2025,List II,List II,List II,CCCCC(CC)COP(=O)(OCC(CC)CCCC)OCC(CC)CCCC,GTVWRXDRKAHEAD-UHFFFAOYSA-N
804,Triethyl phosphate (TEP),78-40-0,201-114-5,Yes,Yes,Corap List,REACH,2025,List II,List II,List II,CCOP(=O)(OCC)OCC,DQWPFSLDHJDLRL-UHFFFAOYSA-N
806,Potassium dicyanoargentate,506-61-6,208-047-0,Yes,Yes,Corap List,REACH,2025,List II,List II,List II,[C-]#N.[C-]#N.[K+].[Ag+],HKSGQTYSSZOJOA-UHFFFAOYSA-N
809,Sodium chlorate,7775-09-9,231-887-4,Yes,,Classification proposed,CLH,2025,List II,List II,List II,[O-]Cl(=O)=O.[Na+],YZHUMGUJCQRKBT-UHFFFAOYSA-M
811,"1-[4-(1,1-dimethylethyl)phenyl]-3-(4-methoxyphenyl)propane-1,3-dione",70356-09-1,274-581-6,,Yes,Corap List,REACH,2015,List II,List II,List II,CC(C)(C)C1=CC=C(C=C1)C(=O)CC(=O)C2=CC=C(C=C2)OC,XNEFYCZVKIDDMS-UHFFFAOYSA-N
813,Benzotriazole; sodium 1H-benzotriazolide; potassium 1H-benzotriazolide; and other inorganic salts,,,,Yes,Classification proposed,CLH,2025,List II,List II,List II,C1=CC2=NNN=C2C=C1,QRUDEWIWKLJBPS-UHFFFAOYSA-N
817,"Tris(2-ethylhexyl) benzene-1,2,4-tricarboxylate",3319-31-1,222-020-0,,Yes,Corap List,REACH,2012,List II,List II,List II,CCCCC(CC)COC(=O)C1=CC(=C(C=C1)C(=O)OCC(CC)CCCC)C(=O)OCC(CC)CCCC,KRADHMIOFJQKEZ-UHFFFAOYSA-N
824,"Diisopentyl phthalate; di-n-pentyl phthalate; 1,2-benzenedicarboxylic acid, dipentyl ester, branched and linear; n-pentyl-isopentyl phthalate",-,-,Yes,Yes,Classification proposed,CLH,2025,List II,List II,List II,CC(C)CCOC(=O)C1=CC=CC=C1C(=O)OCCC(C)C,JANBFCARANRIKJ-UHFFFAOYSA-N
826,"α-cyano-3-phenoxybenzyl 3-(2,2-dichlorovinyl)-2,2-dimethylcyclopropanecarboxylate (Cypermethrin)",52315-07-8,257-842-9,Yes,Yes,Classification proposed,CLH,2025,List II,List II,List II,CC1(C(C1C(=O)OC(C#N)C2=CC(=CC=C2)OC3=CC=CC=C3)C=C(Cl)Cl)C,KAATUXNTWXVJKI-UHFFFAOYSA-N
842,Potassium chlorate,3811-04-9,223-289-7,Yes,,Classification proposed,CLH,2025,List II,List II,List II,[O-]Cl(=O)=O.[K+],VKJKEPKFPUWCAS-UHFFFAOYSA-M
848,Chloroethane,75-00-3,200-830-5,Yes,Yes,Classification proposed,CLH,2025,List II,List II,List II,CCCl,HRYZWHHZPQKTII-UHFFFAOYSA-N
859,Methyl N-{[dimethoxy(methyl)silyl]methyl}carbamate,23432-65-7,457-690-5,Yes,Yes,Corap List,REACH,2026,List II,List II,List II,COC(=O)NC[Si](C)(OC)OC,VMXOUPKLOXFFLW-UHFFFAOYSA-N
861,"1,1,2,2,3,3,4,4,4-nonafluorobutane-1-sulphonic acid",375-73-5,206-793-1,Yes,,Classification proposed,CLH,2026,List II,List II,List II,C(C(C(F)(F)S(=O)(=O)O)(F)F)(C(F)(F)F)(F)F,JGTNAGYHADQMCM-UHFFFAOYSA-N
863,Cyflufenamid,180409-60-3,605-896-2,Yes,Yes,Classification proposed,CLH,2026,List II,List II,List II,C1CC1CO/N=C(/C2=C(C=CC(=C2F)F)C(F)(F)F)\NC(=O)CC3=CC=CC=C3,ACMXQHFNODYQAT-UHFFFAOYSA-N
866,Climbazole,38083-17-9,253-775-4,,,,,,List II,List II,List II,CC(C)(C)C(=O)C(N1C=CN=C1)OC2=CC=C(C=C2)Cl,OWEGWHBOCFMBLP-UHFFFAOYSA-N
866,Climbazole,38083-17-9,253-775-4,,Yes,Classification proposed,CLH,2026,List II,List II,List II,CC(C)(C)C(=O)C(N1C=CN=C1)OC2=CC=C(C=C2)Cl,OWEGWHBOCFMBLP-UHFFFAOYSA-N
868,Phenmedipham,13684-63-4,237-199-0,No,Yes,Concluded ED in EFSA opinion,PPPR,2025,List II,List II,List II,CC1=CC(=CC=C1)NC(=O)OC2=CC=CC(=C2)NC(=O)OC,IDOWTHOLJBTAFI-UHFFFAOYSA-N
870,Cinmethylin,87818-31-3,402-410-9,Yes,,Concluded ED in EFSA opinion,PPPR,2026,List II,List II,List II,CC1=CC=CC=C1CO[C@@H]2C[C@]3(CC[C@@]2(O3)C)C(C)C,QMTNOLKHSWIQBE-FGTMMUONSA-N
123,Tris(methylphenyl)phosphate,1330-78-5,215-548-8,Yes,,List III National Authority evaluation,,2020,List III,List III,List III,,
143,Bisphenol AF,1478-61-1,216-036-7,Yes,,List III National Authority evaluation,,2020,List III,List III,List III,C1=CC(=CC=C1C(C2=CC=C(C=C2)O)(C(F)(F)F)C(F)(F)F)O,ZFVMWEVVKGLCIJ-UHFFFAOYSA-N
149,Dipentyl phthalate,131-18-0,205-017-9,Yes,,List III National Authority evaluation,,2020,List III,List III,List III,CCCCCOC(=O)C1=CC=CC=C1C(=O)OCCCCC,IPKKHRVROFYTEK-UHFFFAOYSA-N
150,Octamethylcyclo-tetrasiloxane (D4),556-67-2,209-136-7,Yes,,List III National Authority evaluation,,"2020, 2021",List III,List III,List III,C[Si]1(O[Si](O[Si](O[Si](O1)(C)C)(C)C)(C)C)C,HMMGMWAXVFQUOA-UHFFFAOYSA-N
153,Triclocarban,101-20-2,202-924-1,Yes,Yes,Corap List,REACH,2019,List III,List III,List III,C1=CC(=CC=C1NC(=O)NC2=CC(=C(C=C2)Cl)Cl)Cl,ICUTUKXCWQYESQ-UHFFFAOYSA-N
153,Triclocarban,101-20-2,202-924-1,Yes,,List III National Authority evaluation,,2020,List III,List III,List III,C1=CC(=CC=C1NC(=O)NC2=CC(=C(C=C2)Cl)Cl)Cl,ICUTUKXCWQYESQ-UHFFFAOYSA-N
153,Triclocarban,101-20-2,202-924-1,Yes,,Commission EDC list,Cosmetics,2019,List III,List III,List III,C1=CC(=CC=C1NC(=O)NC2=CC(=C(C=C2)Cl)Cl)Cl,ICUTUKXCWQYESQ-UHFFFAOYSA-N
155,Salicylic acid,69-72-7,200-712-3,Yes,,Commission EDC list,Cosmetics,2019,List III,List III,List III,C1=CC=C(C(=C1)C(=O)O)O,YGSDEFSMJLZEOE-UHFFFAOYSA-N
155,Salicylic acid,69-72-7,200-712-3,Yes,,List III National Authority evaluation,,2020,List III,List III,List III,C1=CC=C(C(=C1)C(=O)O)O,YGSDEFSMJLZEOE-UHFFFAOYSA-N
163,Oxybenzone (BP-3),131-57-7,205-031-5,Yes,Yes,Corap List,REACH,2014,"List II, List III",List III,List II,COC1=CC(=C(C=C1)C(=O)C2=CC=CC=C2)O,DXGLGDHPHMLXJC-UHFFFAOYSA-N
163,Oxybenzone (BP-3),131-57-7,205-031-5,Yes,,Commission EDC list,Cosmetics,2019,"List II, List III",List III,List II,COC1=CC(=C(C=C1)C(=O)C2=CC=CC=C2)O,DXGLGDHPHMLXJC-UHFFFAOYSA-N
163,Oxybenzone (BP-3),131-57-7,205-031-5,Yes,Yes,List III National Authority evaluation,,2025,"List II, List III",List III,List II,COC1=CC(=C(C=C1)C(=O)C2=CC=CC=C2)O,DXGLGDHPHMLXJC-UHFFFAOYSA-N
163,Oxybenzone (BP-3),131-57-7,205-031-5,Yes,Yes,Concluded ED in SEV,REACH,2025,"List II, List III",List III,List II,COC1=CC(=C(C=C1)C(=O)C2=CC=CC=C2)O,DXGLGDHPHMLXJC-UHFFFAOYSA-N
165,Propyl 4-hydroxybenzoate; Propylparaben,94-13-3,202-307-7,Yes,Yes,Corap List,REACH,2015,"List II, List III",List III,List II,CCCOC(=O)C1=CC=C(C=C1)O,QELSKZZBTMNZEB-UHFFFAOYSA-N
165,Propyl 4-hydroxybenzoate; Propylparaben,94-13-3,202-307-7,Yes,Yes,List III National Authority evaluation,,"2022, 2023","List II, List III",List III,List II,CCCOC(=O)C1=CC=C(C=C1)O,QELSKZZBTMNZEB-UHFFFAOYSA-N
165,Propyl 4-hydroxybenzoate; Propylparaben,94-13-3,202-307-7,,Yes,Concluded ED in SEV,REACH,2023,"List II, List III",List III,List II,CCCOC(=O)C1=CC=C(C=C1)O,QELSKZZBTMNZEB-UHFFFAOYSA-N
165,Propyl 4-hydroxybenzoate; Propylparaben,94-13-3,202-307-7,Yes,,Commission EDC list,Cosmetics,2019,"List II, List III",List III,List II,CCCOC(=O)C1=CC=C(C=C1)O,QELSKZZBTMNZEB-UHFFFAOYSA-N
165,Propyl 4-hydroxybenzoate; Propylparaben,94-13-3,202-307-7,,Yes,Classification proposed,CLH,2024,"List II, List III",List III,List II,CCCOC(=O)C1=CC=C(C=C1)O,QELSKZZBTMNZEB-UHFFFAOYSA-N
166,Resorcinol,108-46-3,203-585-2,Yes,Yes,Corap List,REACH,2019,"List II, List III",List III,List II,C1=CC(=CC(=C1)O)O,GHMLBKRAJCXXBS-UHFFFAOYSA-N
166,Resorcinol,108-46-3,203-585-2,Yes,,Proposed for Candidate List,REACH,2020,"List II, List III",List III,List II,C1=CC(=CC(=C1)O)O,GHMLBKRAJCXXBS-UHFFFAOYSA-N
166,Resorcinol,108-46-3,203-585-2,Yes,,Classification proposed,CLH,2024,"List II, List III",List III,List II,C1=CC(=CC(=C1)O)O,GHMLBKRAJCXXBS-UHFFFAOYSA-N
166,Resorcinol,108-46-3,203-585-2,Yes,,Commission EDC list,Cosmetics,2019,"List II, List III",List III,List II,C1=CC(=CC(=C1)O)O,GHMLBKRAJCXXBS-UHFFFAOYSA-N
166,Resorcinol,108-46-3,203-585-2,Yes,,List III National Authority evaluation,,2025,"List II, List III",List III,List II,C1=CC(=CC(=C1)O)O,GHMLBKRAJCXXBS-UHFFFAOYSA-N
174,Benzophenone-2 (BP-2),131-55-5,205-028-9,Yes,,Commission EDC list,Cosmetics,2019,List III,List III,List III,C1=CC(=C(C=C1O)O)C(=O)C2=C(C=C(C=C2)O)O,WXNRYSGJLQFHBR-UHFFFAOYSA-N
174,Benzophenone-2 (BP-2),131-55-5,205-028-9,Yes,Yes,List III National Authority evaluation,,2025,List III,List III,List III,C1=CC(=C(C=C1O)O)C(=O)C2=C(C=C(C=C2)O)O,WXNRYSGJLQFHBR-UHFFFAOYSA-N
177,Methyl 4-hydroxybenzoate (Methylparaben),99-76-3,202-785-7,Yes,Yes,Corap List,REACH,2014,"List II, List III",List III,List II,COC(=O)C1=CC=C(C=C1)O,LXCFILQKKLGQFO-UHFFFAOYSA-N
177,Methyl 4-hydroxybenzoate (Methylparaben),99-76-3,202-785-7,Yes,,Commission EDC list,Cosmetics,2019,"List II, List III",List III,List II,COC(=O)C1=CC=C(C=C1)O,LXCFILQKKLGQFO-UHFFFAOYSA-N
177,Methyl 4-hydroxybenzoate (Methylparaben),99-76-3,202-785-7,Yes,Yes,List III National Authority evaluation,,2025,"List II, List III",List III,List II,COC(=O)C1=CC=C(C=C1)O,LXCFILQKKLGQFO-UHFFFAOYSA-N
233,Prochloraz,67747-09-5,266-994-5,Yes,,List III National Authority evaluation,,2020,List III,List III,List III,CCCN(CCOC1=C(C=C(C=C1Cl)Cl)Cl)C(=O)N2C=CN=C2,TVLSRXXIMLFWEO-UHFFFAOYSA-N
249,Reaction products of phosphoryl trichloride and 2-methyloxirane (TCPP),1244733-77-4,807-935-0,Yes,Yes,Corap List,REACH,2022,"List II, List III",List III,List II,,
249,Reaction products of phosphoryl trichloride and 2-methyloxirane (TCPP),1244733-77-4,807-935-0,Yes,,Concluded ED in SEV,REACH,2023,"List II, List III",List III,List II,,
249,Reaction products of phosphoryl trichloride and 2-methyloxirane (TCPP),1244733-77-4,807-935-0,Yes,,List III National Authority evaluation,,2024,"List II, List III",List III,List II,,
249,Reaction products of phosphoryl trichloride and 2-methyloxirane (TCPP),1244733-77-4,807-935-0,Yes,,Classification proposed,CLH,2024,"List II, List III",List III,List II,,
250,Tris[2-chloro-1-(chloromethyl)ethyl] phosphate (TDCP),13674-87-8,237-159-2,Yes,,Classification proposed,CLH,2024,"List II, List III",List III,List II,C(C(CCl)OP(=O)(OC(CCl)CCl)OC(CCl)CCl)Cl,ASLWPAWFJZFCKF-UHFFFAOYSA-N
250,Tris[2-chloro-1-(chloromethyl)ethyl] phosphate (TDCP),13674-87-8,237-159-2,Yes,,List III National Authority evaluation,,2025,"List II, List III",List III,List II,C(C(CCl)OP(=O)(OC(CCl)CCl)OC(CCl)CCl)Cl,ASLWPAWFJZFCKF-UHFFFAOYSA-N
254,"Phenol, methylstyrenated; Oligomerisation and alkylation reaction products of 2-phenylpropene and phenol",68512-30-1,"270-966-8, 700-960-7",,Yes,Corap List,REACH,2012,"List II, List III",List III,List II,,
254,"Phenol, methylstyrenated; Oligomerisation and alkylation reaction products of 2-phenylpropene and phenol",68512-30-1,"270-966-8, 700-960-7",,Yes,Concluded ED in SEV,REACH,2024,"List II, List III",List III,List II,,
254,"Phenol, methylstyrenated; Oligomerisation and alkylation reaction products of 2-phenylpropene and phenol",68512-30-1,"270-966-8, 700-960-7",,Yes,List III National Authority evaluation,,2025,"List II, List III",List III,List II,,
264,2-tert-butyl-4-methoxyphenol (BHA),"25013-16-5, 121-00-6","246-563-8, 204-442-7",Yes,Yes,Corap List,REACH,2015,"List II, List III",List III,List II,CC(C)(C)C1=C(C=CC(=C1)OC)O,MRBKEAMVRSLQPH-UHFFFAOYSA-N
264,2-tert-butyl-4-methoxyphenol (BHA),"25013-16-5, 121-00-6","246-563-8, 204-442-7",Yes,,Commission EDC list,Cosmetics,2019,"List II, List III",List III,List II,CC(C)(C)C1=C(C=CC(=C1)OC)O,MRBKEAMVRSLQPH-UHFFFAOYSA-N
264,2-tert-butyl-4-methoxyphenol (BHA),"25013-16-5, 121-00-6","246-563-8, 204-442-7",Yes,,List III National Authority evaluation,,2022,"List II, List III",List III,List II,CC(C)(C)C1=C(C=CC(=C1)OC)O,MRBKEAMVRSLQPH-UHFFFAOYSA-N
264,2-tert-butyl-4-methoxyphenol (BHA),"25013-16-5, 121-00-6","246-563-8, 204-442-7",Yes,Yes,Concluded ED in SEV,REACH,2024,"List II, List III",List III,List II,CC(C)(C)C1=C(C=CC(=C1)OC)O,MRBKEAMVRSLQPH-UHFFFAOYSA-N
264,2-tert-butyl-4-methoxyphenol (BHA),"25013-16-5, 121-00-6","246-563-8, 204-442-7",Yes,Yes,Classification proposed,CLH,2025,"List II, List III",List III,List II,CC(C)(C)C1=C(C=CC(=C1)OC)O,MRBKEAMVRSLQPH-UHFFFAOYSA-N
388,"4,4'-isopropylidenedi-2,6-xylol (TMBPA)",5613-46-7,227-033-5,Yes,Yes,Corap List,REACH,2024,"List II, List III",List III,List II,CC1=CC(=CC(=C1O)C)C(C)(C)C2=CC(=C(C(=C2)C)O)C,ODJUOZPKKHIEOZ-UHFFFAOYSA-N
388,"4,4'-isopropylidenedi-2,6-xylol (TMBPA)",5613-46-7,227-033-5,Yes,Yes,Concluded ED in SEV,REACH,2025,"List II, List III",List III,List II,CC1=CC(=CC(=C1O)C)C(C)(C)C2=CC(=C(C(=C2)C)O)C,ODJUOZPKKHIEOZ-UHFFFAOYSA-N
388,"4,4'-isopropylidenedi-2,6-xylol (TMBPA)",5613-46-7,227-033-5,Yes,Yes,List III National Authority evaluation,,2025,"List II, List III",List III,List II,CC1=CC(=CC(=C1O)C)C(C)(C)C2=CC(=C(C(=C2)C)O)C,ODJUOZPKKHIEOZ-UHFFFAOYSA-N
388,"4,4'-isopropylidenedi-2,6-xylol (TMBPA)",5613-46-7,227-033-5,Yes,Yes,Classification proposed,CLH,2026,"List II, List III",List III,List II,CC1=CC(=CC(=C1O)C)C(C)(C)C2=CC(=C(C(=C2)C)O)C,ODJUOZPKKHIEOZ-UHFFFAOYSA-N
744,"Lithium salts (lithium chloride, lithium carbonate, lithium hydroxide)","7447-41-8, 554-13-2, 1310-65-2","231-212-3, 209-062-5, 215-183-4",Yes,,List III National Authority evaluation,,2024,List III,List III,List III,,
